id,event_id,player_id,team_season_id,lineup_position,score,is_disqualified,round_number,match_number,handicap
1,3,16896,1,0,166,False,1,0,
2,3,7724,1,1,183,False,1,0,
3,3,7725,1,2,202,False,1,0,
4,3,16243,1,3,226,False,1,0,
5,3,7593,2,0,191,False,1,0,
6,3,16912,2,1,212,False,1,0,
7,3,7597,2,2,214,False,1,0,
8,3,7885,2,3,237,False,1,0,
9,3,7408,3,0,277,False,1,1,
10,3,7600,3,1,185,False,1,1,
11,3,7416,3,2,246,False,1,1,
12,3,7601,3,3,204,False,1,1,
13,3,16862,4,0,211,False,1,1,
14,3,16945,4,1,174,False,1,1,
15,3,16495,4,2,184,False,1,1,
16,3,16852,4,3,177,False,1,1,
17,3,10622,5,0,224,False,1,2,
18,3,38039,5,1,244,False,1,2,
19,3,38687,5,2,158,False,1,2,
20,3,16253,5,3,262,False,1,2,
21,3,25024,6,0,169,False,1,2,
22,3,38361,6,1,201,False,1,2,
23,3,7348,6,2,181,False,1,2,
24,3,7344,6,3,170,False,1,2,
25,3,16532,7,0,211,False,1,3,
26,3,16873,7,1,192,False,1,3,
27,3,25516,7,2,181,False,1,3,
28,3,38043,7,3,148,False,1,3,
29,3,10124,8,0,189,False,1,3,
30,3,7738,8,1,183,False,1,3,
31,3,16263,8,2,181,False,1,3,
32,3,7937,8,3,200,False,1,3,
33,3,7602,9,0,194,False,1,4,
34,3,25325,9,1,224,False,1,4,
35,3,7428,9,2,200,False,1,4,
36,3,25554,9,3,258,False,1,4,
37,3,16888,10,0,196,False,1,4,
38,3,38092,10,1,190,False,1,4,
39,3,25061,10,2,188,False,1,4,
40,3,25297,10,3,155,False,1,4,
41,3,16896,1,0,185,False,2,0,
42,3,7724,1,1,185,False,2,0,
43,3,7725,1,2,183,False,2,0,
44,3,16243,1,3,212,False,2,0,
45,3,16532,7,0,190,False,2,0,
46,3,16873,7,1,201,False,2,0,
47,3,25516,7,2,210,False,2,0,
48,3,38041,7,3,245,False,2,0,
49,3,7408,3,0,216,False,2,1,
50,3,7600,3,1,174,False,2,1,
51,3,7416,3,2,233,False,2,1,
52,3,7601,3,3,158,False,2,1,
53,3,10622,5,0,212,False,2,1,
54,3,38039,5,1,194,False,2,1,
55,3,38687,5,2,157,False,2,1,
56,3,16253,5,3,204,False,2,1,
57,3,7593,2,0,269,False,2,2,
58,3,16912,2,1,235,False,2,2,
59,3,7597,2,2,147,False,2,2,
60,3,7885,2,3,193,False,2,2,
61,3,16888,10,0,207,False,2,2,
62,3,38092,10,1,200,False,2,2,
63,3,25061,10,2,178,False,2,2,
64,3,25297,10,3,147,False,2,2,
65,3,7602,9,0,183,False,2,3,
66,3,25325,9,1,236,False,2,3,
67,3,7428,9,2,238,False,2,3,
68,3,25554,9,3,189,False,2,3,
69,3,10124,8,0,168,False,2,3,
70,3,7738,8,1,156,False,2,3,
71,3,16263,8,2,217,False,2,3,
72,3,7937,8,3,236,False,2,3,
73,3,16862,4,0,179,False,2,4,
74,3,16945,4,1,161,False,2,4,
75,3,16495,4,2,166,False,2,4,
76,3,16852,4,3,194,False,2,4,
77,3,25024,6,0,145,False,2,4,
78,3,38361,6,1,138,False,2,4,
79,3,7348,6,2,176,False,2,4,
80,3,7344,6,3,166,False,2,4,
81,3,16896,1,0,214,False,3,0,
82,3,7724,1,1,258,False,3,0,
83,3,7725,1,2,225,False,3,0,
84,3,16243,1,3,182,False,3,0,
85,3,16862,4,0,158,False,3,0,
86,3,16945,4,1,170,False,3,0,
87,3,16495,4,2,174,False,3,0,
88,3,16852,4,3,255,False,3,0,
89,3,7602,9,0,178,False,3,1,
90,3,25325,9,1,214,False,3,1,
91,3,7428,9,2,172,False,3,1,
92,3,25554,9,3,143,False,3,1,
93,3,7408,3,0,233,False,3,1,
94,3,7600,3,1,222,False,3,1,
95,3,7416,3,2,235,False,3,1,
96,3,7601,3,3,182,False,3,1,
97,3,7593,2,0,206,False,3,2,
98,3,16912,2,1,233,False,3,2,
99,3,7597,2,2,183,False,3,2,
100,3,7885,2,3,236,False,3,2,
101,3,10124,8,0,154,False,3,2,
102,3,7738,8,1,213,False,3,2,
103,3,16263,8,2,206,False,3,2,
104,3,7937,8,3,223,False,3,2,
105,3,16532,7,0,189,False,3,3,
106,3,16873,7,1,172,False,3,3,
107,3,25516,7,2,168,False,3,3,
108,3,38041,7,3,216,False,3,3,
109,3,10622,5,0,180,False,3,3,
110,3,38039,5,1,180,False,3,3,
111,3,16301,5,2,239,False,3,3,
112,3,16253,5,3,280,False,3,3,
113,3,16888,10,0,217,False,3,4,
114,3,38092,10,1,200,False,3,4,
115,3,25061,10,2,159,False,3,4,
116,3,16519,10,3,180,False,3,4,
117,3,25024,6,0,148,False,3,4,
118,3,38361,6,1,138,False,3,4,
119,3,7348,6,2,168,False,3,4,
120,3,7344,6,3,166,False,3,4,
121,3,16896,1,0,232,False,4,0,
122,3,7724,1,1,225,False,4,0,
123,3,7725,1,2,198,False,4,0,
124,3,16243,1,3,194,False,4,0,
125,3,10124,8,0,170,False,4,0,
126,3,7738,8,1,152,False,4,0,
127,3,16263,8,2,190,False,4,0,
128,3,7937,8,3,227,False,4,0,
129,3,7408,3,0,244,False,4,1,
130,3,7600,3,1,230,False,4,1,
131,3,7416,3,2,216,False,4,1,
132,3,7601,3,3,176,False,4,1,
133,3,25024,6,0,163,False,4,1,
134,3,38361,6,1,156,False,4,1,
135,3,7348,6,2,177,False,4,1,
136,3,7344,6,3,157,False,4,1,
137,3,7593,2,0,179,False,4,2,
138,3,16912,2,1,208,False,4,2,
139,3,7597,2,2,167,False,4,2,
140,3,7885,2,3,233,False,4,2,
141,3,16532,7,0,224,False,4,2,
142,3,16873,7,1,172,False,4,2,
143,3,38043,7,2,192,False,4,2,
144,3,38041,7,3,251,False,4,2,
145,3,16888,10,0,223,False,4,3,
146,3,38092,10,1,225,False,4,3,
147,3,25061,10,2,172,False,4,3,
148,3,16519,10,3,214,False,4,3,
149,3,10622,5,0,215,False,4,3,
150,3,38039,5,1,191,False,4,3,
151,3,16301,5,2,176,False,4,3,
152,3,16253,5,3,236,False,4,3,
153,3,7602,9,0,195,False,4,4,
154,3,25325,9,1,194,False,4,4,
155,3,7428,9,2,203,False,4,4,
156,3,25554,9,3,172,False,4,4,
157,3,16862,4,0,242,False,4,4,
158,3,16945,4,1,241,False,4,4,
159,3,16495,4,2,178,False,4,4,
160,3,16852,4,3,134,False,4,4,
161,3,16896,1,0,169,False,5,0,
162,3,7724,1,1,238,False,5,0,
163,3,7725,1,2,246,False,5,0,
164,3,16243,1,3,176,False,5,0,
165,3,16888,10,0,212,False,5,0,
166,3,38092,10,1,166,False,5,0,
167,3,7425,10,2,170,False,5,0,
168,3,16519,10,3,199,False,5,0,
169,3,7593,2,0,215,False,5,1,
170,3,16912,2,1,186,False,5,1,
171,3,7591,2,2,237,False,5,1,
172,3,7885,2,3,238,False,5,1,
173,3,7408,3,0,258,False,5,1,
174,3,7600,3,1,175,False,5,1,
175,3,7416,3,2,212,False,5,1,
176,3,7601,3,3,164,False,5,1,
177,3,10622,5,0,234,False,5,2,
178,3,38039,5,1,162,False,5,2,
179,3,16301,5,2,198,False,5,2,
180,3,16253,5,3,223,False,5,2,
181,3,16862,4,0,164,False,5,2,
182,3,16945,4,1,211,False,5,2,
183,3,16495,4,2,243,False,5,2,
184,3,16852,4,3,231,False,5,2,
185,3,10124,8,0,210,False,5,3,
186,3,7959,8,1,146,False,5,3,
187,3,16263,8,2,236,False,5,3,
188,3,7937,8,3,174,False,5,3,
189,3,25024,6,0,125,False,5,3,
190,3,38361,6,1,185,False,5,3,
191,3,7348,6,2,200,False,5,3,
192,3,7344,6,3,170,False,5,3,
193,3,7602,9,0,259,False,5,4,
194,3,25325,9,1,212,False,5,4,
195,3,7428,9,2,205,False,5,4,
196,3,25554,9,3,234,False,5,4,
197,3,16532,7,0,216,False,5,4,
198,3,16873,7,1,227,False,5,4,
199,3,7099,7,2,163,False,5,4,
200,3,38041,7,3,219,False,5,4,
201,3,16896,1,0,277,False,6,0,
202,3,7724,1,1,207,False,6,0,
203,3,7725,1,2,157,False,6,0,
204,3,16243,1,3,204,False,6,0,
205,3,25024,6,0,191,False,6,0,
206,3,38361,6,1,193,False,6,0,
207,3,7348,6,2,214,False,6,0,
208,3,7344,6,3,182,False,6,0,
209,3,7408,3,0,216,False,6,1,
210,3,7600,3,1,202,False,6,1,
211,3,7416,3,2,192,False,6,1,
212,3,16762,3,3,225,False,6,1,
213,3,10124,8,0,127,False,6,1,
214,3,7959,8,1,195,False,6,1,
215,3,16263,8,2,184,False,6,1,
216,3,7937,8,3,242,False,6,1,
217,3,7593,2,0,224,False,6,2,
218,3,16912,2,1,211,False,6,2,
219,3,7591,2,2,196,False,6,2,
220,3,7885,2,3,230,False,6,2,
221,3,16862,4,0,239,False,6,2,
222,3,16945,4,1,213,False,6,2,
223,3,16495,4,2,222,False,6,2,
224,3,16852,4,3,202,False,6,2,
225,3,7602,9,0,207,False,6,3,
226,3,25325,9,1,224,False,6,3,
227,3,7428,9,2,249,False,6,3,
228,3,25554,9,3,168,False,6,3,
229,3,10622,5,0,219,False,6,3,
230,3,38039,5,1,186,False,6,3,
231,3,16301,5,2,245,False,6,3,
232,3,16253,5,3,195,False,6,3,
233,3,16532,7,0,183,False,6,4,
234,3,16873,7,1,199,False,6,4,
235,3,7099,7,2,202,False,6,4,
236,3,38041,7,3,179,False,6,4,
237,3,16888,10,0,143,False,6,4,
238,3,38092,10,1,223,False,6,4,
239,3,7425,10,2,130,False,6,4,
240,3,16519,10,3,184,False,6,4,
241,3,16896,1,0,226,False,7,0,
242,3,7724,1,1,228,False,7,0,
243,3,7725,1,2,180,False,7,0,
244,3,16243,1,3,194,False,7,0,
245,3,10622,5,0,223,False,7,0,
246,3,38687,5,1,193,False,7,0,
247,3,16301,5,2,182,False,7,0,
248,3,16253,5,3,242,False,7,0,
249,3,7408,3,0,236,False,7,1,
250,3,7600,3,1,219,False,7,1,
251,3,7416,3,2,200,False,7,1,
252,3,16762,3,3,160,False,7,1,
253,3,25297,10,0,156,False,7,1,
254,3,38092,10,1,199,False,7,1,
255,3,25061,10,2,167,False,7,1,
256,3,16519,10,3,193,False,7,1,
257,3,7602,9,0,209,False,7,2,
258,3,25325,9,1,197,False,7,2,
259,3,7428,9,2,255,False,7,2,
260,3,25554,9,3,202,False,7,2,
261,3,7593,2,0,209,False,7,2,
262,3,16912,2,1,182,False,7,2,
263,3,7591,2,2,255,False,7,2,
264,3,7885,2,3,246,False,7,2,
265,3,10124,8,0,174,False,7,3,
266,3,7959,8,1,167,False,7,3,
267,3,16263,8,2,178,False,7,3,
268,3,7937,8,3,252,False,7,3,
269,3,16862,4,0,157,False,7,3,
270,3,16945,4,1,199,False,7,3,
271,3,16495,4,2,157,False,7,3,
272,3,16852,4,3,156,False,7,3,
273,3,16532,7,0,171,False,7,4,
274,3,16873,7,1,187,False,7,4,
275,3,7099,7,2,181,False,7,4,
276,3,38041,7,3,175,False,7,4,
277,3,25024,6,0,166,False,7,4,
278,3,38361,6,1,170,False,7,4,
279,3,7348,6,2,183,False,7,4,
280,3,7344,6,3,189,False,7,4,
281,3,16896,1,0,216,False,8,0,
282,3,7724,1,1,181,False,8,0,
283,3,7725,1,2,199,False,8,0,
284,3,16243,1,3,236,False,8,0,
285,3,7408,3,0,194,False,8,0,
286,3,7600,3,1,158,False,8,0,
287,3,7416,3,2,200,False,8,0,
288,3,16762,3,3,135,False,8,0,
289,3,7593,2,0,225,False,8,1,
290,3,16912,2,1,177,False,8,1,
291,3,7591,2,2,200,False,8,1,
292,3,7885,2,3,202,False,8,1,
293,3,10622,5,0,159,False,8,1,
294,3,38687,5,1,204,False,8,1,
295,3,16301,5,2,195,False,8,1,
296,3,16253,5,3,222,False,8,1,
297,3,16888,10,0,241,False,8,2,
298,3,38092,10,1,176,False,8,2,
299,3,25061,10,2,172,False,8,2,
300,3,16519,10,3,159,False,8,2,
301,3,10124,8,0,201,False,8,2,
302,3,7959,8,1,179,False,8,2,
303,3,16263,8,2,162,False,8,2,
304,3,7937,8,3,218,False,8,2,
305,3,25516,7,0,172,False,8,3,
306,3,16873,7,1,189,False,8,3,
307,3,7099,7,2,219,False,8,3,
308,3,38043,7,3,212,False,8,3,
309,3,16862,4,0,204,False,8,3,
310,3,16945,4,1,231,False,8,3,
311,3,16495,4,2,201,False,8,3,
312,3,16852,4,3,0,False,8,3,
313,3,7602,9,0,182,False,8,4,
314,3,25325,9,1,163,False,8,4,
315,3,7428,9,2,156,False,8,4,
316,3,25554,9,3,188,False,8,4,
317,3,25024,6,0,168,False,8,4,
318,3,38361,6,1,169,False,8,4,
319,3,7348,6,2,169,False,8,4,
320,3,7344,6,3,192,False,8,4,
321,3,16896,1,0,192,False,9,0,
322,3,7724,1,1,186,False,9,0,
323,3,7725,1,2,193,False,9,0,
324,3,16243,1,3,181,False,9,0,
325,3,7602,9,0,167,False,9,0,
326,3,25325,9,1,184,False,9,0,
327,3,7428,9,2,170,False,9,0,
328,3,25554,9,3,181,False,9,0,
329,3,7408,3,0,207,False,9,1,
330,3,7600,3,1,195,False,9,1,
331,3,7416,3,2,213,False,9,1,
332,3,16762,3,3,212,False,9,1,
333,3,25516,7,0,164,False,9,1,
334,3,16873,7,1,171,False,9,1,
335,3,7099,7,2,244,False,9,1,
336,3,38043,7,3,151,False,9,1,
337,3,7593,2,0,211,False,9,2,
338,3,16912,2,1,183,False,9,2,
339,3,7591,2,2,258,False,9,2,
340,3,7885,2,3,242,False,9,2,
341,3,25024,6,0,159,False,9,2,
342,3,38361,6,1,201,False,9,2,
343,3,7348,6,2,273,False,9,2,
344,3,7344,6,3,136,False,9,2,
345,3,10124,8,0,150,False,9,3,
346,3,7959,8,1,190,False,9,3,
347,3,16263,8,2,165,False,9,3,
348,3,7937,8,3,186,False,9,3,
349,3,10622,5,0,188,False,9,3,
350,3,38687,5,1,225,False,9,3,
351,3,16301,5,2,191,False,9,3,
352,3,16253,5,3,201,False,9,3,
353,3,16888,10,0,135,False,9,4,
354,3,38092,10,1,204,False,9,4,
355,3,25061,10,2,200,False,9,4,
356,3,16519,10,3,216,False,9,4,
357,3,16862,4,0,236,False,9,4,
358,3,16945,4,1,204,False,9,4,
359,3,16495,4,2,177,False,9,4,
360,3,16852,4,3,185,False,9,4,
361,4,16896,1,0,224,False,1,0,
362,4,7724,1,1,212,False,1,0,
363,4,7725,1,2,244,False,1,0,
364,4,7102,1,3,228,False,1,0,
365,4,27134,9,0,153,False,1,0,
366,4,41008,9,1,169,False,1,0,
367,4,7428,9,2,236,False,1,0,
368,4,16398,9,3,170,False,1,0,
369,4,7408,3,0,220,False,1,1,
370,4,7600,3,1,121,False,1,1,
371,4,7416,3,2,242,False,1,1,
372,4,16762,3,3,196,False,1,1,
373,4,16532,7,0,221,False,1,1,
374,4,16873,7,1,214,False,1,1,
375,4,38043,7,2,204,False,1,1,
376,4,7099,7,3,164,False,1,1,
377,4,7593,2,0,181,False,1,2,
378,4,7485,2,1,187,False,1,2,
379,4,7597,2,2,173,False,1,2,
380,4,7591,2,3,220,False,1,2,
381,4,38361,6,0,144,False,1,2,
382,4,38411,6,1,205,False,1,2,
383,4,7337,6,2,192,False,1,2,
384,4,7348,6,3,188,False,1,2,
385,4,10124,8,0,207,False,1,3,
386,4,7959,8,1,144,False,1,3,
387,4,16263,8,2,201,False,1,3,
388,4,7937,8,3,204,False,1,3,
389,4,16253,5,0,258,False,1,3,
390,4,10622,5,1,190,False,1,3,
391,4,38687,5,2,184,False,1,3,
392,4,16301,5,3,150,False,1,3,
393,4,16888,10,0,167,False,1,4,
394,4,38092,10,1,149,False,1,4,
395,4,25061,10,2,195,False,1,4,
396,4,25297,10,3,163,False,1,4,
397,4,16862,4,0,169,False,1,4,
398,4,16945,4,1,169,False,1,4,
399,4,16495,4,2,209,False,1,4,
400,4,16852,4,3,179,False,1,4,
401,4,16896,1,0,186,False,2,0,
402,4,7724,1,1,214,False,2,0,
403,4,7725,1,2,209,False,2,0,
404,4,7102,1,3,206,False,2,0,
405,4,7408,3,0,205,False,2,0,
406,4,7601,3,1,223,False,2,0,
407,4,7416,3,2,189,False,2,0,
408,4,16762,3,3,167,False,2,0,
409,4,7593,2,0,223,False,2,1,
410,4,7485,2,1,178,False,2,1,
411,4,7597,2,2,201,False,2,1,
412,4,7591,2,3,149,False,2,1,
413,4,16253,5,0,228,False,2,1,
414,4,10622,5,1,205,False,2,1,
415,4,38687,5,2,198,False,2,1,
416,4,16301,5,3,173,False,2,1,
417,4,16888,10,0,214,False,2,2,
418,4,38092,10,1,187,False,2,2,
419,4,25061,10,2,184,False,2,2,
420,4,25297,10,3,199,False,2,2,
421,4,10124,8,0,153,False,2,2,
422,4,7959,8,1,194,False,2,2,
423,4,16263,8,2,183,False,2,2,
424,4,7937,8,3,191,False,2,2,
425,4,16532,7,0,194,False,2,3,
426,4,16873,7,1,217,False,2,3,
427,4,38043,7,2,188,False,2,3,
428,4,7099,7,3,190,False,2,3,
429,4,16862,4,0,146,False,2,3,
430,4,16945,4,1,203,False,2,3,
431,4,16495,4,2,213,False,2,3,
432,4,16852,4,3,138,False,2,3,
433,4,27134,9,0,215,False,2,4,
434,4,41008,9,1,227,False,2,4,
435,4,7428,9,2,234,False,2,4,
436,4,16398,9,3,170,False,2,4,
437,4,38361,6,0,153,False,2,4,
438,4,38411,6,1,184,False,2,4,
439,4,7337,6,2,188,False,2,4,
440,4,7348,6,3,211,False,2,4,
441,4,16896,1,0,191,False,3,0,
442,4,7724,1,1,225,False,3,0,
443,4,7725,1,2,175,False,3,0,
444,4,7102,1,3,171,False,3,0,
445,4,16253,5,0,180,False,3,0,
446,4,10622,5,1,223,False,3,0,
447,4,38687,5,2,225,False,3,0,
448,4,16301,5,3,215,False,3,0,
449,4,7408,3,0,215,False,3,1,
450,4,7601,3,1,171,False,3,1,
451,4,7416,3,2,235,False,3,1,
452,4,16762,3,3,175,False,3,1,
453,4,16888,10,0,220,False,3,1,
454,4,38092,10,1,178,False,3,1,
455,4,25061,10,2,171,False,3,1,
456,4,25297,10,3,191,False,3,1,
457,4,27134,9,0,164,False,3,2,
458,4,41008,9,1,172,False,3,2,
459,4,7428,9,2,218,False,3,2,
460,4,25554,9,3,180,False,3,2,
461,4,7593,2,0,163,False,3,2,
462,4,7485,2,1,153,False,3,2,
463,4,7597,2,2,167,False,3,2,
464,4,7591,2,3,237,False,3,2,
465,4,10124,8,0,185,False,3,3,
466,4,7959,8,1,184,False,3,3,
467,4,16263,8,2,206,False,3,3,
468,4,7937,8,3,199,False,3,3,
469,4,16862,4,0,220,False,3,3,
470,4,16945,4,1,200,False,3,3,
471,4,16495,4,2,183,False,3,3,
472,4,16852,4,3,171,False,3,3,
473,4,16532,7,0,-136,False,3,4,
474,4,16873,7,1,179,False,3,4,
475,4,38043,7,2,179,False,3,4,
476,4,7099,7,3,189,False,3,4,
477,4,38361,6,0,189,False,3,4,
478,4,38411,6,1,168,False,3,4,
479,4,7337,6,2,173,False,3,4,
480,4,7348,6,3,207,False,3,4,
481,4,16896,1,0,151,False,4,0,
482,4,7724,1,1,162,False,4,0,
483,4,7725,1,2,171,False,4,0,
484,4,7102,1,3,181,False,4,0,
485,4,38361,6,0,171,False,4,0,
486,4,38411,6,1,176,False,4,0,
487,4,7337,6,2,224,False,4,0,
488,4,7348,6,3,220,False,4,0,
489,4,7408,3,0,166,False,4,1,
490,4,7601,3,1,150,False,4,1,
491,4,7416,3,2,203,False,4,1,
492,4,16762,3,3,155,False,4,1,
493,4,10124,8,0,181,False,4,1,
494,4,7959,8,1,137,False,4,1,
495,4,16263,8,2,141,False,4,1,
496,4,7937,8,3,186,False,4,1,
497,4,7593,2,0,202,False,4,2,
498,4,7485,2,1,181,False,4,2,
499,4,7597,2,2,128,False,4,2,
500,4,7591,2,3,244,False,4,2,
501,4,16862,4,0,175,False,4,2,
502,4,16945,4,1,208,False,4,2,
503,4,16495,4,2,203,False,4,2,
504,4,16852,4,3,201,False,4,2,
505,4,27134,9,0,187,False,4,3,
506,4,41008,9,1,215,False,4,3,
507,4,7428,9,2,213,False,4,3,
508,4,25554,9,3,178,False,4,3,
509,4,16253,5,0,174,False,4,3,
510,4,10622,5,1,192,False,4,3,
511,4,38687,5,2,184,False,4,3,
512,4,16301,5,3,203,False,4,3,
513,4,25516,7,0,160,False,4,4,
514,4,16873,7,1,206,False,4,4,
515,4,38043,7,2,174,False,4,4,
516,4,7099,7,3,190,False,4,4,
517,4,16888,10,0,225,False,4,4,
518,4,38092,10,1,170,False,4,4,
519,4,25061,10,2,162,False,4,4,
520,4,25297,10,3,212,False,4,4,
521,4,16896,1,0,203,False,5,0,
522,4,7724,1,1,215,False,5,0,
523,4,7725,1,2,176,False,5,0,
524,4,7102,1,3,244,False,5,0,
525,4,16888,10,0,192,False,5,0,
526,4,38092,10,1,154,False,5,0,
527,4,25061,10,2,173,False,5,0,
528,4,25297,10,3,221,False,5,0,
529,4,7593,2,0,192,False,5,1,
530,4,7485,2,1,163,False,5,1,
531,4,16912,2,2,226,False,5,1,
532,4,7591,2,3,224,False,5,1,
533,4,7408,3,0,201,False,5,1,
534,4,7601,3,1,169,False,5,1,
535,4,7416,3,2,213,False,5,1,
536,4,16762,3,3,266,False,5,1,
537,4,16253,5,0,187,False,5,2,
538,4,10622,5,1,197,False,5,2,
539,4,38687,5,2,145,False,5,2,
540,4,16301,5,3,211,False,5,2,
541,4,16862,4,0,162,False,5,2,
542,4,16945,4,1,181,False,5,2,
543,4,16495,4,2,155,False,5,2,
544,4,16852,4,3,171,False,5,2,
545,4,10124,8,0,146,False,5,3,
546,4,7740,8,1,143,False,5,3,
547,4,16263,8,2,213,False,5,3,
548,4,7937,8,3,219,False,5,3,
549,4,38361,6,0,169,False,5,3,
550,4,38411,6,1,168,False,5,3,
551,4,38360,6,2,139,False,5,3,
552,4,7348,6,3,189,False,5,3,
553,4,27134,9,0,201,False,5,4,
554,4,41008,9,1,162,False,5,4,
555,4,7428,9,2,218,False,5,4,
556,4,16398,9,3,166,False,5,4,
557,4,16532,7,0,202,False,5,4,
558,4,16873,7,1,211,False,5,4,
559,4,38043,7,2,190,False,5,4,
560,4,7099,7,3,265,False,5,4,
561,4,16896,1,0,184,False,6,0,
562,4,7724,1,1,211,False,6,0,
563,4,7725,1,2,179,False,6,0,
564,4,7102,1,3,201,False,6,0,
565,4,10124,8,0,187,False,6,0,
566,4,7740,8,1,157,False,6,0,
567,4,16263,8,2,180,False,6,0,
568,4,7937,8,3,195,False,6,0,
569,4,7408,3,0,211,False,6,1,
570,4,7601,3,1,160,False,6,1,
571,4,7416,3,2,161,False,6,1,
572,4,16762,3,3,213,False,6,1,
573,4,38361,6,0,220,False,6,1,
574,4,38411,6,1,154,False,6,1,
575,4,38360,6,2,181,False,6,1,
576,4,7348,6,3,152,False,6,1,
577,4,7593,2,0,228,False,6,2,
578,4,7597,2,1,184,False,6,2,
579,4,16912,2,2,188,False,6,2,
580,4,7591,2,3,166,False,6,2,
581,4,16532,7,0,154,False,6,2,
582,4,16873,7,1,203,False,6,2,
583,4,38043,7,2,154,False,6,2,
584,4,7099,7,3,212,False,6,2,
585,4,16888,10,0,165,False,6,3,
586,4,16519,10,1,169,False,6,3,
587,4,25061,10,2,159,False,6,3,
588,4,25297,10,3,179,False,6,3,
589,4,16253,5,0,207,False,6,3,
590,4,10622,5,1,231,False,6,3,
591,4,38687,5,2,258,False,6,3,
592,4,16301,5,3,181,False,6,3,
593,4,27134,9,0,179,False,6,4,
594,4,25554,9,1,188,False,6,4,
595,4,7428,9,2,192,False,6,4,
596,4,16398,9,3,190,False,6,4,
597,4,16862,4,0,197,False,6,4,
598,4,16945,4,1,157,False,6,4,
599,4,16495,4,2,172,False,6,4,
600,4,16852,4,3,227,False,6,4,
601,4,16896,1,0,202,False,7,0,
602,4,7724,1,1,192,False,7,0,
603,4,7725,1,2,192,False,7,0,
604,4,7102,1,3,204,False,7,0,
605,4,16862,4,0,149,False,7,0,
606,4,16945,4,1,235,False,7,0,
607,4,16495,4,2,175,False,7,0,
608,4,16852,4,3,219,False,7,0,
609,4,27134,9,0,198,False,7,1,
610,4,25554,9,1,146,False,7,1,
611,4,7428,9,2,172,False,7,1,
612,4,16398,9,3,158,False,7,1,
613,4,7408,3,0,140,False,7,1,
614,4,7600,3,1,150,False,7,1,
615,4,7416,3,2,237,False,7,1,
616,4,16762,3,3,165,False,7,1,
617,4,7593,2,0,242,False,7,2,
618,4,7597,2,1,180,False,7,2,
619,4,16912,2,2,217,False,7,2,
620,4,7591,2,3,180,False,7,2,
621,4,10124,8,0,203,False,7,2,
622,4,7740,8,1,159,False,7,2,
623,4,16263,8,2,174,False,7,2,
624,4,7937,8,3,165,False,7,2,
625,4,16251,7,0,215,False,7,3,
626,4,16873,7,1,180,False,7,3,
627,4,38043,7,2,159,False,7,3,
628,4,7099,7,3,174,False,7,3,
629,4,16253,5,0,193,False,7,3,
630,4,10622,5,1,180,False,7,3,
631,4,38687,5,2,215,False,7,3,
632,4,16301,5,3,169,False,7,3,
633,4,16888,10,0,244,False,7,4,
634,4,16519,10,1,169,False,7,4,
635,4,25061,10,2,149,False,7,4,
636,4,25297,10,3,182,False,7,4,
637,4,38361,6,0,167,False,7,4,
638,4,38411,6,1,168,False,7,4,
639,4,38360,6,2,147,False,7,4,
640,4,7348,6,3,183,False,7,4,
641,4,16896,1,0,156,False,8,0,
642,4,7724,1,1,180,False,8,0,
643,4,7725,1,2,244,False,8,0,
644,4,7102,1,3,207,False,8,0,
645,4,16251,7,0,184,False,8,0,
646,4,16873,7,1,178,False,8,0,
647,4,25516,7,2,170,False,8,0,
648,4,7099,7,3,268,False,8,0,
649,4,7408,3,0,179,False,8,1,
650,4,7600,3,1,138,False,8,1,
651,4,7416,3,2,169,False,8,1,
652,4,16762,3,3,174,False,8,1,
653,4,16253,5,0,227,False,8,1,
654,4,10622,5,1,190,False,8,1,
655,4,38687,5,2,203,False,8,1,
656,4,16301,5,3,226,False,8,1,
657,4,7593,2,0,173,False,8,2,
658,4,7597,2,1,150,False,8,2,
659,4,16912,2,2,213,False,8,2,
660,4,7591,2,3,263,False,8,2,
661,4,16888,10,0,217,False,8,2,
662,4,16519,10,1,175,False,8,2,
663,4,38092,10,2,190,False,8,2,
664,4,25297,10,3,147,False,8,2,
665,4,27134,9,0,147,False,8,3,
666,4,41008,9,1,156,False,8,3,
667,4,7428,9,2,206,False,8,3,
668,4,16398,9,3,152,False,8,3,
669,4,10124,8,0,190,False,8,3,
670,4,7959,8,1,163,False,8,3,
671,4,16263,8,2,156,False,8,3,
672,4,7937,8,3,161,False,8,3,
673,4,16346,4,0,200,False,8,4,
674,4,16945,4,1,235,False,8,4,
675,4,16495,4,2,172,False,8,4,
676,4,16852,4,3,157,False,8,4,
677,4,38361,6,0,153,False,8,4,
678,4,38411,6,1,192,False,8,4,
679,4,38360,6,2,197,False,8,4,
680,4,7348,6,3,195,False,8,4,
681,4,16896,1,0,222,False,9,0,
682,4,7724,1,1,155,False,9,0,
683,4,7725,1,2,170,False,9,0,
684,4,7102,1,3,181,False,9,0,
685,4,7593,2,0,164,False,9,0,
686,4,7597,2,1,158,False,9,0,
687,4,16912,2,2,166,False,9,0,
688,4,7591,2,3,202,False,9,0,
689,4,7408,3,0,171,False,9,1,
690,4,7601,3,1,199,False,9,1,
691,4,7416,3,2,209,False,9,1,
692,4,16762,3,3,146,False,9,1,
693,4,16346,4,0,222,False,9,1,
694,4,16945,4,1,214,False,9,1,
695,4,16495,4,2,178,False,9,1,
696,4,16852,4,3,223,False,9,1,
697,4,16253,5,0,202,False,9,2,
698,4,10622,5,1,216,False,9,2,
699,4,38687,5,2,196,False,9,2,
700,4,16301,5,3,258,False,9,2,
701,4,38361,6,0,141,False,9,2,
702,4,38411,6,1,135,False,9,2,
703,4,38360,6,2,178,False,9,2,
704,4,7348,6,3,177,False,9,2,
705,4,16251,7,0,187,False,9,3,
706,4,16873,7,1,173,False,9,3,
707,4,25516,7,2,202,False,9,3,
708,4,7099,7,3,258,False,9,3,
709,4,10124,8,0,179,False,9,3,
710,4,7959,8,1,191,False,9,3,
711,4,16263,8,2,160,False,9,3,
712,4,7937,8,3,184,False,9,3,
713,4,25554,9,0,182,False,9,4,
714,4,41008,9,1,207,False,9,4,
715,4,7428,9,2,184,False,9,4,
716,4,16398,9,3,151,False,9,4,
717,4,16888,10,0,191,False,9,4,
718,4,16519,10,1,202,False,9,4,
719,4,38092,10,2,233,False,9,4,
720,4,25297,10,3,143,False,9,4,
721,5,16896,1,0,164,False,1,0,
722,5,7102,1,1,183,False,1,0,
723,5,7725,1,2,221,False,1,0,
724,5,16243,1,3,215,False,1,0,
725,5,10124,8,0,180,False,1,0,
726,5,7740,8,1,167,False,1,0,
727,5,16263,8,2,154,False,1,0,
728,5,7937,8,3,194,False,1,0,
729,5,27134,9,0,190,False,1,1,
730,5,25325,9,1,194,False,1,1,
731,5,7428,9,2,182,False,1,1,
732,5,25554,9,3,181,False,1,1,
733,5,7408,3,0,176,False,1,1,
734,5,7600,3,1,146,False,1,1,
735,5,7416,3,2,139,False,1,1,
736,5,7601,3,3,145,False,1,1,
737,5,7593,2,0,213,False,1,2,
738,5,16912,2,1,225,False,1,2,
739,5,7591,2,2,180,False,1,2,
740,5,7885,2,3,190,False,1,2,
741,5,16888,10,0,180,False,1,2,
742,5,25061,10,1,234,False,1,2,
743,5,38092,10,2,177,False,1,2,
744,5,25297,10,3,155,False,1,2,
745,5,10622,5,0,188,False,1,3,
746,5,38687,5,1,159,False,1,3,
747,5,38039,5,2,186,False,1,3,
748,5,16301,5,3,162,False,1,3,
749,5,16862,4,0,172,False,1,3,
750,5,16945,4,1,204,False,1,3,
751,5,16352,4,2,174,False,1,3,
752,5,16495,4,3,181,False,1,3,
753,5,25516,7,0,154,False,1,4,
754,5,16873,7,1,167,False,1,4,
755,5,38043,7,2,129,False,1,4,
756,5,7099,7,3,222,False,1,4,
757,5,38361,6,0,190,False,1,4,
758,5,38411,6,1,201,False,1,4,
759,5,38550,6,2,138,False,1,4,
760,5,7348,6,3,147,False,1,4,
761,5,16896,1,0,172,False,2,0,
762,5,7102,1,1,158,False,2,0,
763,5,7725,1,2,179,False,2,0,
764,5,16243,1,3,267,False,2,0,
765,5,7593,2,0,231,False,2,0,
766,5,16912,2,1,222,False,2,0,
767,5,7591,2,2,194,False,2,0,
768,5,7885,2,3,212,False,2,0,
769,5,7408,3,0,247,False,2,1,
770,5,7600,3,1,178,False,2,1,
771,5,7416,3,2,212,False,2,1,
772,5,7601,3,3,187,False,2,1,
773,5,16888,10,0,163,False,2,1,
774,5,25061,10,1,173,False,2,1,
775,5,38092,10,2,190,False,2,1,
776,5,25297,10,3,128,False,2,1,
777,5,10124,8,0,177,False,2,2,
778,5,7740,8,1,158,False,2,2,
779,5,16263,8,2,198,False,2,2,
780,5,7937,8,3,191,False,2,2,
781,5,10622,5,0,192,False,2,2,
782,5,38687,5,1,198,False,2,2,
783,5,38039,5,2,191,False,2,2,
784,5,16301,5,3,212,False,2,2,
785,5,16862,4,0,182,False,2,3,
786,5,16945,4,1,182,False,2,3,
787,5,16352,4,2,191,False,2,3,
788,5,16495,4,3,198,False,2,3,
789,5,38361,6,0,156,False,2,3,
790,5,38411,6,1,209,False,2,3,
791,5,38550,6,2,215,False,2,3,
792,5,7348,6,3,194,False,2,3,
793,5,27134,9,0,172,False,2,4,
794,5,25325,9,1,213,False,2,4,
795,5,7428,9,2,226,False,2,4,
796,5,25554,9,3,199,False,2,4,
797,5,25516,7,0,143,False,2,4,
798,5,16873,7,1,203,False,2,4,
799,5,38041,7,2,169,False,2,4,
800,5,7099,7,3,203,False,2,4,
801,5,16245,1,0,160,False,3,0,
802,5,7102,1,1,266,False,3,0,
803,5,7725,1,2,215,False,3,0,
804,5,16243,1,3,252,False,3,0,
805,5,27134,9,0,148,False,3,0,
806,5,25325,9,1,155,False,3,0,
807,5,7428,9,2,179,False,3,0,
808,5,25554,9,3,176,False,3,0,
809,5,7593,2,0,196,False,3,1,
810,5,16912,2,1,228,False,3,1,
811,5,7867,2,2,176,False,3,1,
812,5,7885,2,3,181,False,3,1,
813,5,7408,3,0,225,False,3,1,
814,5,7600,3,1,157,False,3,1,
815,5,7416,3,2,190,False,3,1,
816,5,7601,3,3,187,False,3,1,
817,5,38043,7,0,156,False,3,2,
818,5,16873,7,1,171,False,3,2,
819,5,38041,7,2,178,False,3,2,
820,5,7099,7,3,187,False,3,2,
821,5,10622,5,0,192,False,3,2,
822,5,38687,5,1,255,False,3,2,
823,5,38039,5,2,192,False,3,2,
824,5,16301,5,3,176,False,3,2,
825,5,10124,8,0,179,False,3,3,
826,5,7740,8,1,185,False,3,3,
827,5,16263,8,2,180,False,3,3,
828,5,7937,8,3,162,False,3,3,
829,5,16862,4,0,167,False,3,3,
830,5,16945,4,1,216,False,3,3,
831,5,16352,4,2,182,False,3,3,
832,5,16495,4,3,190,False,3,3,
833,5,16888,10,0,231,False,3,4,
834,5,25061,10,1,183,False,3,4,
835,5,38092,10,2,123,False,3,4,
836,5,16519,10,3,169,False,3,4,
837,5,38361,6,0,169,False,3,4,
838,5,38411,6,1,129,False,3,4,
839,5,38550,6,2,167,False,3,4,
840,5,7348,6,3,186,False,3,4,
841,5,16245,1,0,141,False,4,0,
842,5,7102,1,1,220,False,4,0,
843,5,7725,1,2,184,False,4,0,
844,5,16243,1,3,221,False,4,0,
845,5,7408,3,0,210,False,4,0,
846,5,7600,3,1,175,False,4,0,
847,5,7416,3,2,207,False,4,0,
848,5,7601,3,3,143,False,4,0,
849,5,7593,2,0,212,False,4,1,
850,5,16912,2,1,234,False,4,1,
851,5,7867,2,2,182,False,4,1,
852,5,7885,2,3,174,False,4,1,
853,5,16862,4,0,213,False,4,1,
854,5,16945,4,1,182,False,4,1,
855,5,16352,4,2,190,False,4,1,
856,5,16495,4,3,173,False,4,1,
857,5,10622,5,0,212,False,4,2,
858,5,38687,5,1,156,False,4,2,
859,5,38039,5,2,168,False,4,2,
860,5,16301,5,3,146,False,4,2,
861,5,38361,6,0,189,False,4,2,
862,5,38411,6,1,148,False,4,2,
863,5,38550,6,2,191,False,4,2,
864,5,7348,6,3,258,False,4,2,
865,5,38043,7,0,188,False,4,3,
866,5,16873,7,1,180,False,4,3,
867,5,38041,7,2,193,False,4,3,
868,5,7099,7,3,216,False,4,3,
869,5,10124,8,0,167,False,4,3,
870,5,7740,8,1,182,False,4,3,
871,5,16263,8,2,196,False,4,3,
872,5,7937,8,3,174,False,4,3,
873,5,27134,9,0,136,False,4,4,
874,5,25325,9,1,174,False,4,4,
875,5,7428,9,2,201,False,4,4,
876,5,25554,9,3,144,False,4,4,
877,5,16888,10,0,183,False,4,4,
878,5,25061,10,1,155,False,4,4,
879,5,38092,10,2,190,False,4,4,
880,5,16519,10,3,181,False,4,4,
881,5,16245,1,0,166,False,5,0,
882,5,7102,1,1,243,False,5,0,
883,5,7725,1,2,199,False,5,0,
884,5,16243,1,3,195,False,5,0,
885,5,16862,4,0,158,False,5,0,
886,5,16945,4,1,210,False,5,0,
887,5,16352,4,2,150,False,5,0,
888,5,16495,4,3,159,False,5,0,
889,5,7408,3,0,171,False,5,1,
890,5,7600,3,1,175,False,5,1,
891,5,7416,3,2,213,False,5,1,
892,5,16762,3,3,164,False,5,1,
893,5,38361,6,0,197,False,5,1,
894,5,38411,6,1,216,False,5,1,
895,5,38550,6,2,168,False,5,1,
896,5,7348,6,3,209,False,5,1,
897,5,7593,2,0,119,False,5,2,
898,5,16912,2,1,202,False,5,2,
899,5,7867,2,2,166,False,5,2,
900,5,7597,2,3,233,False,5,2,
901,5,38043,7,0,177,False,5,2,
902,5,16873,7,1,170,False,5,2,
903,5,38041,7,2,217,False,5,2,
904,5,7099,7,3,217,False,5,2,
905,5,27134,9,0,167,False,5,3,
906,5,25325,9,1,180,False,5,3,
907,5,7428,9,2,226,False,5,3,
908,5,7602,9,3,200,False,5,3,
909,5,10622,5,0,259,False,5,3,
910,5,38687,5,1,161,False,5,3,
911,5,38039,5,2,170,False,5,3,
912,5,16301,5,3,192,False,5,3,
913,5,22116,10,0,216,False,5,4,
914,5,25061,10,1,174,False,5,4,
915,5,38092,10,2,212,False,5,4,
916,5,16519,10,3,222,False,5,4,
917,5,10124,8,0,190,False,5,4,
918,5,7959,8,1,157,False,5,4,
919,5,16263,8,2,180,False,5,4,
920,5,7937,8,3,208,False,5,4,
921,5,16245,1,0,199,False,6,0,
922,5,7102,1,1,171,False,6,0,
923,5,7725,1,2,234,False,6,0,
924,5,16243,1,3,209,False,6,0,
925,5,10622,5,0,135,False,6,0,
926,5,38687,5,1,184,False,6,0,
927,5,38686,5,2,163,False,6,0,
928,5,16301,5,3,177,False,6,0,
929,5,7408,3,0,230,False,6,1,
930,5,7600,3,1,242,False,6,1,
931,5,7416,3,2,201,False,6,1,
932,5,16762,3,3,188,False,6,1,
933,5,16862,4,0,151,False,6,1,
934,5,16945,4,1,225,False,6,1,
935,5,16352,4,2,171,False,6,1,
936,5,16495,4,3,126,False,6,1,
937,5,7593,2,0,182,False,6,2,
938,5,16912,2,1,182,False,6,2,
939,5,7867,2,2,146,False,6,2,
940,5,7597,2,3,175,False,6,2,
941,5,38361,6,0,159,False,6,2,
942,5,38411,6,1,200,False,6,2,
943,5,38550,6,2,180,False,6,2,
944,5,7348,6,3,236,False,6,2,
945,5,27134,9,0,155,False,6,3,
946,5,25325,9,1,198,False,6,3,
947,5,7428,9,2,186,False,6,3,
948,5,7602,9,3,221,False,6,3,
949,5,10124,8,0,165,False,6,3,
950,5,7740,8,1,155,False,6,3,
951,5,16263,8,2,221,False,6,3,
952,5,7937,8,3,211,False,6,3,
953,5,38043,7,0,256,False,6,4,
954,5,16873,7,1,172,False,6,4,
955,5,38041,7,2,189,False,6,4,
956,5,7099,7,3,236,False,6,4,
957,5,22116,10,0,157,False,6,4,
958,5,25061,10,1,211,False,6,4,
959,5,38092,10,2,197,False,6,4,
960,5,16519,10,3,185,False,6,4,
961,5,16245,1,0,164,False,7,0,
962,5,7102,1,1,201,False,7,0,
963,5,7725,1,2,218,False,7,0,
964,5,16243,1,3,202,False,7,0,
965,5,38361,6,0,184,False,7,0,
966,5,38411,6,1,154,False,7,0,
967,5,38550,6,2,219,False,7,0,
968,5,7348,6,3,188,False,7,0,
969,5,7408,3,0,186,False,7,1,
970,5,7600,3,1,238,False,7,1,
971,5,7416,3,2,186,False,7,1,
972,5,16762,3,3,160,False,7,1,
973,5,38043,7,0,190,False,7,1,
974,5,16873,7,1,203,False,7,1,
975,5,38041,7,2,199,False,7,1,
976,5,7099,7,3,236,False,7,1,
977,5,7593,2,0,184,False,7,2,
978,5,16912,2,1,180,False,7,2,
979,5,7591,2,2,244,False,7,2,
980,5,7597,2,3,195,False,7,2,
981,5,10124,8,0,179,False,7,2,
982,5,7740,8,1,212,False,7,2,
983,5,16263,8,2,187,False,7,2,
984,5,7937,8,3,221,False,7,2,
985,5,22116,10,0,175,False,7,3,
986,5,25061,10,1,201,False,7,3,
987,5,38092,10,2,184,False,7,3,
988,5,16519,10,3,177,False,7,3,
989,5,10622,5,0,234,False,7,3,
990,5,38687,5,1,172,False,7,3,
991,5,38686,5,2,216,False,7,3,
992,5,16301,5,3,159,False,7,3,
993,5,25554,9,0,151,False,7,4,
994,5,25325,9,1,206,False,7,4,
995,5,7428,9,2,185,False,7,4,
996,5,7602,9,3,194,False,7,4,
997,5,16862,4,0,224,False,7,4,
998,5,16945,4,1,159,False,7,4,
999,5,16352,4,2,139,False,7,4,
1000,5,16852,4,3,174,False,7,4,
1001,5,16896,1,0,226,False,8,0,
1002,5,7102,1,1,160,False,8,0,
1003,5,7725,1,2,196,False,8,0,
1004,5,16243,1,3,206,False,8,0,
1005,5,38043,7,0,222,False,8,0,
1006,5,16873,7,1,166,False,8,0,
1007,5,38041,7,2,234,False,8,0,
1008,5,7099,7,3,188,False,8,0,
1009,5,7408,3,0,200,False,8,1,
1010,5,7600,3,1,212,False,8,1,
1011,5,7416,3,2,174,False,8,1,
1012,5,16762,3,3,167,False,8,1,
1013,5,7959,8,0,188,False,8,1,
1014,5,7740,8,1,200,False,8,1,
1015,5,16263,8,2,171,False,8,1,
1016,5,7937,8,3,180,False,8,1,
1017,5,7593,2,0,164,False,8,2,
1018,5,16912,2,1,192,False,8,2,
1019,5,7591,2,2,211,False,8,2,
1020,5,7597,2,3,160,False,8,2,
1021,5,10622,5,0,217,False,8,2,
1022,5,38687,5,1,168,False,8,2,
1023,5,38686,5,2,163,False,8,2,
1024,5,16301,5,3,202,False,8,2,
1025,5,25297,10,0,172,False,8,3,
1026,5,25061,10,1,181,False,8,3,
1027,5,38092,10,2,168,False,8,3,
1028,5,16519,10,3,209,False,8,3,
1029,5,16862,4,0,185,False,8,3,
1030,5,16945,4,1,168,False,8,3,
1031,5,16495,4,2,171,False,8,3,
1032,5,16852,4,3,178,False,8,3,
1033,5,27134,9,0,185,False,8,4,
1034,5,25325,9,1,213,False,8,4,
1035,5,7428,9,2,177,False,8,4,
1036,5,7602,9,3,213,False,8,4,
1037,5,38361,6,0,175,False,8,4,
1038,5,38411,6,1,161,False,8,4,
1039,5,38550,6,2,178,False,8,4,
1040,5,7348,6,3,229,False,8,4,
1041,5,16896,1,0,209,False,9,0,
1042,5,7102,1,1,174,False,9,0,
1043,5,7725,1,2,206,False,9,0,
1044,5,16243,1,3,219,False,9,0,
1045,5,25297,10,0,125,False,9,0,
1046,5,25061,10,1,167,False,9,0,
1047,5,38092,10,2,150,False,9,0,
1048,5,16519,10,3,209,False,9,0,
1049,5,7408,3,0,224,False,9,1,
1050,5,7600,3,1,203,False,9,1,
1051,5,7416,3,2,182,False,9,1,
1052,5,16762,3,3,159,False,9,1,
1053,5,10622,5,0,193,False,9,1,
1054,5,38687,5,1,209,False,9,1,
1055,5,38686,5,2,166,False,9,1,
1056,5,16301,5,3,158,False,9,1,
1057,5,27134,9,0,136,False,9,2,
1058,5,25325,9,1,177,False,9,2,
1059,5,7428,9,2,258,False,9,2,
1060,5,7602,9,3,191,False,9,2,
1061,5,7593,2,0,191,False,9,2,
1062,5,16912,2,1,178,False,9,2,
1063,5,7591,2,2,167,False,9,2,
1064,5,7597,2,3,177,False,9,2,
1065,5,7959,8,0,155,False,9,3,
1066,5,7740,8,1,138,False,9,3,
1067,5,16263,8,2,168,False,9,3,
1068,5,7937,8,3,156,False,9,3,
1069,5,38361,6,0,148,False,9,3,
1070,5,38411,6,1,167,False,9,3,
1071,5,38550,6,2,178,False,9,3,
1072,5,7348,6,3,209,False,9,3,
1073,5,38043,7,0,194,False,9,4,
1074,5,16873,7,1,157,False,9,4,
1075,5,38041,7,2,160,False,9,4,
1076,5,7099,7,3,200,False,9,4,
1077,5,16862,4,0,190,False,9,4,
1078,5,16945,4,1,210,False,9,4,
1079,5,16495,4,2,190,False,9,4,
1080,5,16852,4,3,172,False,9,4,
1081,6,7724,1,0,236,False,1,0,
1082,6,16245,1,1,161,False,1,0,
1083,6,7725,1,2,173,False,1,0,
1084,6,7734,1,3,208,False,1,0,
1085,6,38092,10,0,153,False,1,0,
1086,6,25061,10,1,164,False,1,0,
1087,6,7425,10,2,180,False,1,0,
1088,6,16888,10,3,174,False,1,0,
1089,6,7408,3,0,172,False,1,1,
1090,6,16762,3,1,149,False,1,1,
1091,6,7600,3,2,175,False,1,1,
1092,6,7416,3,3,176,False,1,1,
1093,6,16253,5,0,198,False,1,1,
1094,6,10622,5,1,177,False,1,1,
1095,6,38687,5,2,178,False,1,1,
1096,6,16301,5,3,167,False,1,1,
1097,6,27134,9,0,226,False,1,2,
1098,6,25325,9,1,194,False,1,2,
1099,6,7428,9,2,184,False,1,2,
1100,6,7602,9,3,216,False,1,2,
1101,6,16965,2,0,190,False,1,2,
1102,6,7867,2,1,153,False,1,2,
1103,6,7597,2,2,209,False,1,2,
1104,6,7885,2,3,246,False,1,2,
1105,6,10124,8,0,215,False,1,3,
1106,6,7740,8,1,156,False,1,3,
1107,6,16263,8,2,215,False,1,3,
1108,6,7937,8,3,159,False,1,3,
1109,6,38361,6,0,148,False,1,3,
1110,6,38411,6,1,161,False,1,3,
1111,6,38550,6,2,149,False,1,3,
1112,6,7348,6,3,185,False,1,3,
1113,6,16873,7,0,160,False,1,4,
1114,6,25516,7,1,145,False,1,4,
1115,6,38043,7,2,205,False,1,4,
1116,6,16251,7,3,136,False,1,4,
1117,6,16862,4,0,149,False,1,4,
1118,6,16945,4,1,177,False,1,4,
1119,6,16495,4,2,205,False,1,4,
1120,6,16852,4,3,152,False,1,4,
1121,6,7724,1,0,231,False,2,0,
1122,6,16245,1,1,198,False,2,0,
1123,6,7725,1,2,193,False,2,0,
1124,6,7734,1,3,212,False,2,0,
1125,6,16873,7,0,195,False,2,0,
1126,6,38041,7,1,148,False,2,0,
1127,6,38043,7,2,215,False,2,0,
1128,6,16251,7,3,258,False,2,0,
1129,6,7408,3,0,209,False,2,1,
1130,6,16762,3,1,154,False,2,1,
1131,6,7600,3,2,208,False,2,1,
1132,6,7416,3,3,236,False,2,1,
1133,6,10124,8,0,169,False,2,1,
1134,6,7740,8,1,137,False,2,1,
1135,6,16263,8,2,234,False,2,1,
1136,6,7937,8,3,157,False,2,1,
1137,6,16965,2,0,254,False,2,2,
1138,6,7867,2,1,189,False,2,2,
1139,6,7597,2,2,216,False,2,2,
1140,6,7885,2,3,171,False,2,2,
1141,6,16253,5,0,224,False,2,2,
1142,6,10622,5,1,233,False,2,2,
1143,6,38687,5,2,172,False,2,2,
1144,6,38039,5,3,244,False,2,2,
1145,6,38092,10,0,160,False,2,3,
1146,6,25061,10,1,164,False,2,3,
1147,6,7425,10,2,181,False,2,3,
1148,6,16888,10,3,159,False,2,3,
1149,6,16862,4,0,168,False,2,3,
1150,6,16945,4,1,174,False,2,3,
1151,6,16495,4,2,215,False,2,3,
1152,6,16852,4,3,232,False,2,3,
1153,6,27134,9,0,214,False,2,4,
1154,6,25325,9,1,181,False,2,4,
1155,6,7428,9,2,158,False,2,4,
1156,6,7602,9,3,221,False,2,4,
1157,6,38361,6,0,161,False,2,4,
1158,6,38411,6,1,150,False,2,4,
1159,6,38550,6,2,202,False,2,4,
1160,6,7348,6,3,234,False,2,4,
1161,6,7724,1,0,164,False,3,0,
1162,6,16245,1,1,175,False,3,0,
1163,6,7725,1,2,201,False,3,0,
1164,6,7734,1,3,206,False,3,0,
1165,6,38361,6,0,152,False,3,0,
1166,6,38411,6,1,137,False,3,0,
1167,6,38550,6,2,157,False,3,0,
1168,6,7348,6,3,202,False,3,0,
1169,6,7408,3,0,199,False,3,1,
1170,6,7601,3,1,242,False,3,1,
1171,6,7600,3,2,213,False,3,1,
1172,6,7416,3,3,181,False,3,1,
1173,6,16873,7,0,180,False,3,1,
1174,6,38041,7,1,178,False,3,1,
1175,6,38043,7,2,171,False,3,1,
1176,6,16251,7,3,200,False,3,1,
1177,6,16965,2,0,203,False,3,2,
1178,6,7867,2,1,179,False,3,2,
1179,6,7597,2,2,246,False,3,2,
1180,6,7885,2,3,190,False,3,2,
1181,6,10124,8,0,167,False,3,2,
1182,6,39948,8,1,136,False,3,2,
1183,6,16263,8,2,203,False,3,2,
1184,6,7937,8,3,183,False,3,2,
1185,6,38092,10,0,169,False,3,3,
1186,6,25061,10,1,152,False,3,3,
1187,6,22116,10,2,145,False,3,3,
1188,6,16888,10,3,184,False,3,3,
1189,6,16253,5,0,177,False,3,3,
1190,6,10622,5,1,215,False,3,3,
1191,6,38687,5,2,150,False,3,3,
1192,6,38039,5,3,140,False,3,3,
1193,6,27134,9,0,205,False,3,4,
1194,6,41008,9,1,134,False,3,4,
1195,6,16398,9,2,161,False,3,4,
1196,6,7602,9,3,169,False,3,4,
1197,6,16862,4,0,158,False,3,4,
1198,6,16945,4,1,158,False,3,4,
1199,6,16495,4,2,152,False,3,4,
1200,6,16852,4,3,190,False,3,4,
1201,6,7724,1,0,203,False,4,0,
1202,6,16245,1,1,149,False,4,0,
1203,6,7725,1,2,168,False,4,0,
1204,6,7734,1,3,245,False,4,0,
1205,6,16253,5,0,174,False,4,0,
1206,6,10622,5,1,164,False,4,0,
1207,6,16301,5,2,225,False,4,0,
1208,6,38039,5,3,184,False,4,0,
1209,6,7408,3,0,221,False,4,1,
1210,6,7601,3,1,191,False,4,1,
1211,6,7600,3,2,170,False,4,1,
1212,6,7416,3,3,185,False,4,1,
1213,6,16862,4,0,211,False,4,1,
1214,6,16945,4,1,258,False,4,1,
1215,6,16495,4,2,208,False,4,1,
1216,6,16852,4,3,190,False,4,1,
1217,6,16965,2,0,246,False,4,2,
1218,6,7867,2,1,231,False,4,2,
1219,6,7597,2,2,177,False,4,2,
1220,6,7885,2,3,178,False,4,2,
1221,6,38361,6,0,120,False,4,2,
1222,6,38411,6,1,167,False,4,2,
1223,6,38550,6,2,170,False,4,2,
1224,6,7348,6,3,180,False,4,2,
1225,6,27134,9,0,164,False,4,3,
1226,6,41008,9,1,169,False,4,3,
1227,6,16398,9,2,148,False,4,3,
1228,6,7602,9,3,181,False,4,3,
1229,6,10124,8,0,141,False,4,3,
1230,6,39948,8,1,191,False,4,3,
1231,6,16263,8,2,201,False,4,3,
1232,6,7937,8,3,174,False,4,3,
1233,6,16873,7,0,201,False,4,4,
1234,6,38041,7,1,192,False,4,4,
1235,6,38043,7,2,170,False,4,4,
1236,6,16251,7,3,162,False,4,4,
1237,6,38092,10,0,197,False,4,4,
1238,6,25061,10,1,163,False,4,4,
1239,6,22116,10,2,174,False,4,4,
1240,6,16888,10,3,170,False,4,4,
1241,6,7724,1,0,192,False,5,0,
1242,6,16896,1,1,171,False,5,0,
1243,6,7725,1,2,180,False,5,0,
1244,6,7734,1,3,214,False,5,0,
1245,6,16862,4,0,157,False,5,0,
1246,6,16945,4,1,173,False,5,0,
1247,6,16495,4,2,157,False,5,0,
1248,6,16852,4,3,178,False,5,0,
1249,6,7408,3,0,180,False,5,1,
1250,6,7601,3,1,184,False,5,1,
1251,6,7600,3,2,124,False,5,1,
1252,6,7416,3,3,161,False,5,1,
1253,6,38361,6,0,182,False,5,1,
1254,6,38411,6,1,136,False,5,1,
1255,6,38550,6,2,153,False,5,1,
1256,6,7348,6,3,128,False,5,1,
1257,6,16965,2,0,206,False,5,2,
1258,6,7867,2,1,217,False,5,2,
1259,6,7597,2,2,198,False,5,2,
1260,6,7885,2,3,151,False,5,2,
1261,6,16873,7,0,190,False,5,2,
1262,6,38041,7,1,172,False,5,2,
1263,6,38043,7,2,171,False,5,2,
1264,6,16251,7,3,182,False,5,2,
1265,6,27134,9,0,194,False,5,3,
1266,6,25325,9,1,200,False,5,3,
1267,6,7428,9,2,213,False,5,3,
1268,6,7602,9,3,243,False,5,3,
1269,6,16253,5,0,192,False,5,3,
1270,6,10622,5,1,191,False,5,3,
1271,6,16301,5,2,222,False,5,3,
1272,6,38687,5,3,186,False,5,3,
1273,6,38092,10,0,142,False,5,4,
1274,6,25061,10,1,202,False,5,4,
1275,6,22116,10,2,184,False,5,4,
1276,6,16888,10,3,178,False,5,4,
1277,6,10124,8,0,171,False,5,4,
1278,6,39948,8,1,136,False,5,4,
1279,6,16263,8,2,168,False,5,4,
1280,6,7937,8,3,166,False,5,4,
1281,6,7724,1,0,216,False,6,0,
1282,6,16896,1,1,193,False,6,0,
1283,6,7725,1,2,183,False,6,0,
1284,6,7734,1,3,164,False,6,0,
1285,6,7408,3,0,182,False,6,0,
1286,6,7601,3,1,145,False,6,0,
1287,6,7600,3,2,-157,False,6,0,
1288,6,7416,3,3,156,False,6,0,
1289,6,16965,2,0,204,False,6,1,
1290,6,7867,2,1,212,False,6,1,
1291,6,7597,2,2,182,False,6,1,
1292,6,7885,2,3,168,False,6,1,
1293,6,16862,4,0,158,False,6,1,
1294,6,16945,4,1,157,False,6,1,
1295,6,16495,4,2,182,False,6,1,
1296,6,16852,4,3,203,False,6,1,
1297,6,16253,5,0,246,False,6,2,
1298,6,10622,5,1,254,False,6,2,
1299,6,16301,5,2,196,False,6,2,
1300,6,38687,5,3,219,False,6,2,
1301,6,38361,6,0,190,False,6,2,
1302,6,38411,6,1,192,False,6,2,
1303,6,38550,6,2,219,False,6,2,
1304,6,7348,6,3,147,False,6,2,
1305,6,16873,7,0,160,False,6,3,
1306,6,38041,7,1,179,False,6,3,
1307,6,38043,7,2,184,False,6,3,
1308,6,16251,7,3,170,False,6,3,
1309,6,10124,8,0,182,False,6,3,
1310,6,39948,8,1,136,False,6,3,
1311,6,16263,8,2,204,False,6,3,
1312,6,7937,8,3,218,False,6,3,
1313,6,27134,9,0,153,False,6,4,
1314,6,25325,9,1,155,False,6,4,
1315,6,7428,9,2,245,False,6,4,
1316,6,7602,9,3,182,False,6,4,
1317,6,38092,10,0,130,False,6,4,
1318,6,25061,10,1,247,False,6,4,
1319,6,22116,10,2,132,False,6,4,
1320,6,16888,10,3,187,False,6,4,
1321,6,7724,1,0,172,False,7,0,
1322,6,16896,1,1,204,False,7,0,
1323,6,7725,1,2,199,False,7,0,
1324,6,7734,1,3,193,False,7,0,
1325,6,27134,9,0,166,False,7,0,
1326,6,25325,9,1,144,False,7,0,
1327,6,7428,9,2,172,False,7,0,
1328,6,7602,9,3,164,False,7,0,
1329,6,16965,2,0,204,False,7,1,
1330,6,7867,2,1,180,False,7,1,
1331,6,7597,2,2,201,False,7,1,
1332,6,7885,2,3,178,False,7,1,
1333,6,7408,3,0,256,False,7,1,
1334,6,7601,3,1,131,False,7,1,
1335,6,16762,3,2,193,False,7,1,
1336,6,7416,3,3,159,False,7,1,
1337,6,16873,7,0,169,False,7,2,
1338,6,38041,7,1,172,False,7,2,
1339,6,38043,7,2,225,False,7,2,
1340,6,16251,7,3,173,False,7,2,
1341,6,16253,5,0,221,False,7,2,
1342,6,10622,5,1,153,False,7,2,
1343,6,16301,5,2,237,False,7,2,
1344,6,38687,5,3,234,False,7,2,
1345,6,10124,8,0,222,False,7,3,
1346,6,7740,8,1,172,False,7,3,
1347,6,16263,8,2,171,False,7,3,
1348,6,7937,8,3,205,False,7,3,
1349,6,16862,4,0,158,False,7,3,
1350,6,16945,4,1,195,False,7,3,
1351,6,16495,4,2,182,False,7,3,
1352,6,16852,4,3,166,False,7,3,
1353,6,38092,10,0,172,False,7,4,
1354,6,25061,10,1,149,False,7,4,
1355,6,7425,10,2,177,False,7,4,
1356,6,16888,10,3,172,False,7,4,
1357,6,38361,6,0,174,False,7,4,
1358,6,38411,6,1,203,False,7,4,
1359,6,38550,6,2,156,False,7,4,
1360,6,7348,6,3,216,False,7,4,
1361,6,7724,1,0,202,False,8,0,
1362,6,16896,1,1,207,False,8,0,
1363,6,7725,1,2,207,False,8,0,
1364,6,7734,1,3,186,False,8,0,
1365,6,16965,2,0,236,False,8,0,
1366,6,7867,2,1,205,False,8,0,
1367,6,7597,2,2,230,False,8,0,
1368,6,7885,2,3,202,False,8,0,
1369,6,7408,3,0,181,False,8,1,
1370,6,7601,3,1,134,False,8,1,
1371,6,16762,3,2,181,False,8,1,
1372,6,7416,3,3,169,False,8,1,
1373,6,38092,10,0,189,False,8,1,
1374,6,25061,10,1,161,False,8,1,
1375,6,7425,10,2,203,False,8,1,
1376,6,16888,10,3,178,False,8,1,
1377,6,10124,8,0,146,False,8,2,
1378,6,7740,8,1,138,False,8,2,
1379,6,16263,8,2,200,False,8,2,
1380,6,7937,8,3,176,False,8,2,
1381,6,16253,5,0,194,False,8,2,
1382,6,38039,5,1,217,False,8,2,
1383,6,16301,5,2,166,False,8,2,
1384,6,38687,5,3,181,False,8,2,
1385,6,16862,4,0,180,False,8,3,
1386,6,16945,4,1,165,False,8,3,
1387,6,16495,4,2,221,False,8,3,
1388,6,16852,4,3,162,False,8,3,
1389,6,38361,6,0,170,False,8,3,
1390,6,38411,6,1,128,False,8,3,
1391,6,38550,6,2,131,False,8,3,
1392,6,7348,6,3,174,False,8,3,
1393,6,25554,9,0,0,False,8,4,
1394,6,41008,9,1,175,False,8,4,
1395,6,7428,9,2,254,False,8,4,
1396,6,7602,9,3,266,False,8,4,
1397,6,16873,7,0,182,False,8,4,
1398,6,25516,7,1,197,False,8,4,
1399,6,38043,7,2,153,False,8,4,
1400,6,16251,7,3,201,False,8,4,
1401,6,7724,1,0,183,False,9,0,
1402,6,16896,1,1,197,False,9,0,
1403,6,7725,1,2,193,False,9,0,
1404,6,7734,1,3,190,False,9,0,
1405,6,10124,8,0,162,False,9,0,
1406,6,7740,8,1,159,False,9,0,
1407,6,16263,8,2,177,False,9,0,
1408,6,7937,8,3,189,False,9,0,
1409,6,25554,9,0,0,False,9,1,
1410,6,41008,9,1,226,False,9,1,
1411,6,7428,9,2,188,False,9,1,
1412,6,7602,9,3,152,False,9,1,
1413,6,7408,3,0,143,False,9,1,
1414,6,7601,3,1,148,False,9,1,
1415,6,16762,3,2,166,False,9,1,
1416,6,7416,3,3,176,False,9,1,
1417,6,16965,2,0,228,False,9,2,
1418,6,7867,2,1,163,False,9,2,
1419,6,7597,2,2,128,False,9,2,
1420,6,7885,2,3,202,False,9,2,
1421,6,38092,10,0,209,False,9,2,
1422,6,25061,10,1,159,False,9,2,
1423,6,7425,10,2,151,False,9,2,
1424,6,16888,10,3,141,False,9,2,
1425,6,16253,5,0,203,False,9,3,
1426,6,38039,5,1,124,False,9,3,
1427,6,10622,5,2,167,False,9,3,
1428,6,38687,5,3,147,False,9,3,
1429,6,16862,4,0,161,False,9,3,
1430,6,16945,4,1,158,False,9,3,
1431,6,16495,4,2,170,False,9,3,
1432,6,16852,4,3,221,False,9,3,
1433,6,16873,7,0,171,False,9,4,
1434,6,25516,7,1,168,False,9,4,
1435,6,38043,7,2,178,False,9,4,
1436,6,16251,7,3,202,False,9,4,
1437,6,38361,6,0,159,False,9,4,
1438,6,38411,6,1,124,False,9,4,
1439,6,38550,6,2,268,False,9,4,
1440,6,7348,6,3,197,False,9,4,
1441,7,7734,1,0,176,False,1,0,
1442,7,7102,1,1,220,False,1,0,
1443,7,7725,1,2,162,False,1,0,
1444,7,16243,1,3,232,False,1,0,
1445,7,7408,3,0,171,False,1,0,
1446,7,7600,3,1,200,False,1,0,
1447,7,7416,3,2,193,False,1,0,
1448,7,7601,3,3,170,False,1,0,
1449,7,7591,2,0,199,False,1,1,
1450,7,16912,2,1,188,False,1,1,
1451,7,7867,2,2,227,False,1,1,
1452,7,7885,2,3,300,False,1,1,
1453,7,16253,5,0,247,False,1,1,
1454,7,10622,5,1,244,False,1,1,
1455,7,38687,5,2,183,False,1,1,
1456,7,16301,5,3,186,False,1,1,
1457,7,10124,8,0,191,False,1,2,
1458,7,38907,8,1,200,False,1,2,
1459,7,16263,8,2,215,False,1,2,
1460,7,7937,8,3,222,False,1,2,
1461,7,16862,4,0,266,False,1,2,
1462,7,16945,4,1,193,False,1,2,
1463,7,16352,4,2,186,False,1,2,
1464,7,16495,4,3,235,False,1,2,
1465,7,25325,9,0,184,False,1,3,
1466,7,41008,9,1,201,False,1,3,
1467,7,7602,9,2,215,False,1,3,
1468,7,16398,9,3,250,False,1,3,
1469,7,38361,6,0,217,False,1,3,
1470,7,38411,6,1,182,False,1,3,
1471,7,38550,6,2,231,False,1,3,
1472,7,7348,6,3,215,False,1,3,
1473,7,25516,7,0,179,False,1,4,
1474,7,38041,7,1,225,False,1,4,
1475,7,38043,7,2,227,False,1,4,
1476,7,16532,7,3,213,False,1,4,
1477,7,25297,10,0,197,False,1,4,
1478,7,38092,10,1,215,False,1,4,
1479,7,25061,10,2,204,False,1,4,
1480,7,16888,10,3,245,False,1,4,
1481,7,7734,1,0,300,False,2,0,
1482,7,7102,1,1,224,False,2,0,
1483,7,7724,1,2,214,False,2,0,
1484,7,16243,1,3,233,False,2,0,
1485,7,16862,4,0,222,False,2,0,
1486,7,16945,4,1,245,False,2,0,
1487,7,16352,4,2,209,False,2,0,
1488,7,16495,4,3,189,False,2,0,
1489,7,7408,3,0,214,False,2,1,
1490,7,7600,3,1,211,False,2,1,
1491,7,7416,3,2,202,False,2,1,
1492,7,7601,3,3,203,False,2,1,
1493,7,25516,7,0,201,False,2,1,
1494,7,38041,7,1,165,False,2,1,
1495,7,38043,7,2,167,False,2,1,
1496,7,16532,7,3,172,False,2,1,
1497,7,7591,2,0,222,False,2,2,
1498,7,16912,2,1,192,False,2,2,
1499,7,7867,2,2,226,False,2,2,
1500,7,7885,2,3,184,False,2,2,
1501,7,38361,6,0,145,False,2,2,
1502,7,38411,6,1,178,False,2,2,
1503,7,38550,6,2,224,False,2,2,
1504,7,7348,6,3,223,False,2,2,
1505,7,25325,9,0,209,False,2,3,
1506,7,41008,9,1,225,False,2,3,
1507,7,7602,9,2,193,False,2,3,
1508,7,16398,9,3,243,False,2,3,
1509,7,16253,5,0,205,False,2,3,
1510,7,10622,5,1,235,False,2,3,
1511,7,38687,5,2,200,False,2,3,
1512,7,16301,5,3,199,False,2,3,
1513,7,25297,10,0,206,False,2,4,
1514,7,38092,10,1,223,False,2,4,
1515,7,25061,10,2,192,False,2,4,
1516,7,16888,10,3,187,False,2,4,
1517,7,10124,8,0,170,False,2,4,
1518,7,38907,8,1,195,False,2,4,
1519,7,16263,8,2,172,False,2,4,
1520,7,7937,8,3,245,False,2,4,
1521,7,7734,1,0,217,False,3,0,
1522,7,7102,1,1,188,False,3,0,
1523,7,7724,1,2,209,False,3,0,
1524,7,16243,1,3,265,False,3,0,
1525,7,25297,10,0,204,False,3,0,
1526,7,38092,10,1,225,False,3,0,
1527,7,25061,10,2,172,False,3,0,
1528,7,16888,10,3,216,False,3,0,
1529,7,7591,2,0,185,False,3,1,
1530,7,7597,2,1,216,False,3,1,
1531,7,7867,2,2,236,False,3,1,
1532,7,7885,2,3,169,False,3,1,
1533,7,7408,3,0,187,False,3,1,
1534,7,7600,3,1,175,False,3,1,
1535,7,7416,3,2,207,False,3,1,
1536,7,7601,3,3,161,False,3,1,
1537,7,10124,8,0,157,False,3,2,
1538,7,38907,8,1,157,False,3,2,
1539,7,16263,8,2,196,False,3,2,
1540,7,7937,8,3,267,False,3,2,
1541,7,16253,5,0,234,False,3,2,
1542,7,10622,5,1,223,False,3,2,
1543,7,38687,5,2,163,False,3,2,
1544,7,16301,5,3,204,False,3,2,
1545,7,16862,4,0,203,False,3,3,
1546,7,16945,4,1,211,False,3,3,
1547,7,16352,4,2,172,False,3,3,
1548,7,16495,4,3,227,False,3,3,
1549,7,38361,6,0,149,False,3,3,
1550,7,38411,6,1,209,False,3,3,
1551,7,38550,6,2,161,False,3,3,
1552,7,7348,6,3,191,False,3,3,
1553,7,25325,9,0,206,False,3,4,
1554,7,41008,9,1,189,False,3,4,
1555,7,7602,9,2,223,False,3,4,
1556,7,16398,9,3,205,False,3,4,
1557,7,25516,7,0,208,False,3,4,
1558,7,38041,7,1,157,False,3,4,
1559,7,38043,7,2,171,False,3,4,
1560,7,16532,7,3,215,False,3,4,
1561,7,7734,1,0,204,False,4,0,
1562,7,7102,1,1,174,False,4,0,
1563,7,7724,1,2,199,False,4,0,
1564,7,16243,1,3,215,False,4,0,
1565,7,25516,7,0,205,False,4,0,
1566,7,38041,7,1,227,False,4,0,
1567,7,38043,7,2,178,False,4,0,
1568,7,16532,7,3,256,False,4,0,
1569,7,7408,3,0,258,False,4,1,
1570,7,7600,3,1,225,False,4,1,
1571,7,7416,3,2,171,False,4,1,
1572,7,7601,3,3,225,False,4,1,
1573,7,25297,10,0,202,False,4,1,
1574,7,38092,10,1,200,False,4,1,
1575,7,25061,10,2,205,False,4,1,
1576,7,16888,10,3,211,False,4,1,
1577,7,7591,2,0,158,False,4,2,
1578,7,7597,2,1,236,False,4,2,
1579,7,7867,2,2,222,False,4,2,
1580,7,7885,2,3,201,False,4,2,
1581,7,10124,8,0,203,False,4,2,
1582,7,16469,8,1,189,False,4,2,
1583,7,16263,8,2,247,False,4,2,
1584,7,7937,8,3,223,False,4,2,
1585,7,16253,5,0,229,False,4,3,
1586,7,10622,5,1,205,False,4,3,
1587,7,38039,5,2,199,False,4,3,
1588,7,16301,5,3,203,False,4,3,
1589,7,38361,6,0,201,False,4,3,
1590,7,38411,6,1,182,False,4,3,
1591,7,38550,6,2,255,False,4,3,
1592,7,7348,6,3,228,False,4,3,
1593,7,25325,9,0,175,False,4,4,
1594,7,41008,9,1,232,False,4,4,
1595,7,7602,9,2,244,False,4,4,
1596,7,16398,9,3,200,False,4,4,
1597,7,16862,4,0,213,False,4,4,
1598,7,16945,4,1,195,False,4,4,
1599,7,16352,4,2,191,False,4,4,
1600,7,16495,4,3,212,False,4,4,
1601,7,7734,1,0,266,False,5,0,
1602,7,7102,1,1,224,False,5,0,
1603,7,7724,1,2,228,False,5,0,
1604,7,16243,1,3,200,False,5,0,
1605,7,16253,5,0,160,False,5,0,
1606,7,10622,5,1,245,False,5,0,
1607,7,38039,5,2,215,False,5,0,
1608,7,16301,5,3,170,False,5,0,
1609,7,7408,3,0,239,False,5,1,
1610,7,7600,3,1,229,False,5,1,
1611,7,7416,3,2,210,False,5,1,
1612,7,7601,3,3,189,False,5,1,
1613,7,16862,4,0,185,False,5,1,
1614,7,16945,4,1,181,False,5,1,
1615,7,16352,4,2,184,False,5,1,
1616,7,16495,4,3,202,False,5,1,
1617,7,27134,9,0,165,False,5,2,
1618,7,41008,9,1,194,False,5,2,
1619,7,7602,9,2,212,False,5,2,
1620,7,16398,9,3,212,False,5,2,
1621,7,7591,2,0,200,False,5,2,
1622,7,7597,2,1,228,False,5,2,
1623,7,7867,2,2,216,False,5,2,
1624,7,7885,2,3,241,False,5,2,
1625,7,25516,7,0,209,False,5,3,
1626,7,38041,7,1,190,False,5,3,
1627,7,38043,7,2,166,False,5,3,
1628,7,16532,7,3,244,False,5,3,
1629,7,10124,8,0,237,False,5,3,
1630,7,38907,8,1,137,False,5,3,
1631,7,16263,8,2,186,False,5,3,
1632,7,7937,8,3,268,False,5,3,
1633,7,25297,10,0,257,False,5,4,
1634,7,38092,10,1,242,False,5,4,
1635,7,25061,10,2,171,False,5,4,
1636,7,16888,10,3,258,False,5,4,
1637,7,38361,6,0,202,False,5,4,
1638,7,38411,6,1,164,False,5,4,
1639,7,38550,6,2,226,False,5,4,
1640,7,7348,6,3,206,False,5,4,
1641,7,7734,1,0,200,False,6,0,
1642,7,7102,1,1,236,False,6,0,
1643,7,7724,1,2,222,False,6,0,
1644,7,16243,1,3,184,False,6,0,
1645,7,7591,2,0,244,False,6,0,
1646,7,7597,2,1,182,False,6,0,
1647,7,7867,2,2,201,False,6,0,
1648,7,7885,2,3,193,False,6,0,
1649,7,7408,3,0,252,False,6,1,
1650,7,7600,3,1,167,False,6,1,
1651,7,7416,3,2,192,False,6,1,
1652,7,7601,3,3,202,False,6,1,
1653,7,38361,6,0,140,False,6,1,
1654,7,38411,6,1,181,False,6,1,
1655,7,38550,6,2,177,False,6,1,
1656,7,7348,6,3,203,False,6,1,
1657,7,25297,10,0,194,False,6,2,
1658,7,38092,10,1,172,False,6,2,
1659,7,25061,10,2,170,False,6,2,
1660,7,16888,10,3,171,False,6,2,
1661,7,16253,5,0,247,False,6,2,
1662,7,10622,5,1,256,False,6,2,
1663,7,38039,5,2,185,False,6,2,
1664,7,16301,5,3,178,False,6,2,
1665,7,25325,9,0,214,False,6,3,
1666,7,41008,9,1,214,False,6,3,
1667,7,7602,9,2,198,False,6,3,
1668,7,16398,9,3,193,False,6,3,
1669,7,10124,8,0,190,False,6,3,
1670,7,16469,8,1,195,False,6,3,
1671,7,16263,8,2,190,False,6,3,
1672,7,7937,8,3,222,False,6,3,
1673,7,25516,7,0,202,False,6,4,
1674,7,38041,7,1,206,False,6,4,
1675,7,38043,7,2,192,False,6,4,
1676,7,16532,7,3,193,False,6,4,
1677,7,16862,4,0,217,False,6,4,
1678,7,16945,4,1,142,False,6,4,
1679,7,16352,4,2,183,False,6,4,
1680,7,16495,4,3,206,False,6,4,
1681,7,7734,1,0,279,False,7,0,
1682,7,7102,1,1,216,False,7,0,
1683,7,7724,1,2,180,False,7,0,
1684,7,16243,1,3,213,False,7,0,
1685,7,10124,8,0,246,False,7,0,
1686,7,16469,8,1,201,False,7,0,
1687,7,16263,8,2,237,False,7,0,
1688,7,7937,8,3,244,False,7,0,
1689,7,25325,9,0,230,False,7,1,
1690,7,41008,9,1,168,False,7,1,
1691,7,7602,9,2,205,False,7,1,
1692,7,16398,9,3,193,False,7,1,
1693,7,7408,3,0,196,False,7,1,
1694,7,7600,3,1,182,False,7,1,
1695,7,7416,3,2,201,False,7,1,
1696,7,7601,3,3,234,False,7,1,
1697,7,7591,2,0,179,False,7,2,
1698,7,7597,2,1,203,False,7,2,
1699,7,7867,2,2,277,False,7,2,
1700,7,7885,2,3,239,False,7,2,
1701,7,25297,10,0,226,False,7,2,
1702,7,38092,10,1,171,False,7,2,
1703,7,16519,10,2,172,False,7,2,
1704,7,16888,10,3,163,False,7,2,
1705,7,16253,5,0,220,False,7,3,
1706,7,10622,5,1,166,False,7,3,
1707,7,38039,5,2,169,False,7,3,
1708,7,16301,5,3,166,False,7,3,
1709,7,16862,4,0,235,False,7,3,
1710,7,16852,4,1,160,False,7,3,
1711,7,16352,4,2,188,False,7,3,
1712,7,16495,4,3,180,False,7,3,
1713,7,25516,7,0,172,False,7,4,
1714,7,38041,7,1,183,False,7,4,
1715,7,38043,7,2,209,False,7,4,
1716,7,16532,7,3,189,False,7,4,
1717,7,38361,6,0,193,False,7,4,
1718,7,38411,6,1,190,False,7,4,
1719,7,38550,6,2,248,False,7,4,
1720,7,7348,6,3,212,False,7,4,
1721,7,7734,1,0,179,False,8,0,
1722,7,7102,1,1,210,False,8,0,
1723,7,16896,1,2,210,False,8,0,
1724,7,16243,1,3,214,False,8,0,
1725,7,25325,9,0,193,False,8,0,
1726,7,27134,9,1,214,False,8,0,
1727,7,7602,9,2,171,False,8,0,
1728,7,16398,9,3,218,False,8,0,
1729,7,7408,3,0,192,False,8,1,
1730,7,7600,3,1,163,False,8,1,
1731,7,7416,3,2,212,False,8,1,
1732,7,7601,3,3,165,False,8,1,
1733,7,16253,5,0,209,False,8,1,
1734,7,10622,5,1,244,False,8,1,
1735,7,38039,5,2,224,False,8,1,
1736,7,38687,5,3,225,False,8,1,
1737,7,16912,2,0,227,False,8,2,
1738,7,7597,2,1,202,False,8,2,
1739,7,7867,2,2,211,False,8,2,
1740,7,7885,2,3,266,False,8,2,
1741,7,25516,7,0,189,False,8,2,
1742,7,38041,7,1,202,False,8,2,
1743,7,38043,7,2,166,False,8,2,
1744,7,16532,7,3,205,False,8,2,
1745,7,10124,8,0,274,False,8,3,
1746,7,16469,8,1,190,False,8,3,
1747,7,16263,8,2,150,False,8,3,
1748,7,7937,8,3,220,False,8,3,
1749,7,38361,6,0,211,False,8,3,
1750,7,38411,6,1,128,False,8,3,
1751,7,38550,6,2,195,False,8,3,
1752,7,7348,6,3,256,False,8,3,
1753,7,25297,10,0,236,False,8,4,
1754,7,38092,10,1,183,False,8,4,
1755,7,16519,10,2,182,False,8,4,
1756,7,16888,10,3,203,False,8,4,
1757,7,16862,4,0,247,False,8,4,
1758,7,16852,4,1,213,False,8,4,
1759,7,16352,4,2,179,False,8,4,
1760,7,16495,4,3,202,False,8,4,
1761,7,7734,1,0,189,False,9,0,
1762,7,7102,1,1,245,False,9,0,
1763,7,16896,1,2,211,False,9,0,
1764,7,16243,1,3,170,False,9,0,
1765,7,38361,6,0,189,False,9,0,
1766,7,38411,6,1,185,False,9,0,
1767,7,38550,6,2,224,False,9,0,
1768,7,7348,6,3,209,False,9,0,
1769,7,7408,3,0,207,False,9,1,
1770,7,7600,3,1,202,False,9,1,
1771,7,7416,3,2,214,False,9,1,
1772,7,7601,3,3,172,False,9,1,
1773,7,10124,8,0,203,False,9,1,
1774,7,16469,8,1,205,False,9,1,
1775,7,16263,8,2,196,False,9,1,
1776,7,7937,8,3,225,False,9,1,
1777,7,16912,2,0,258,False,9,2,
1778,7,7597,2,1,211,False,9,2,
1779,7,7867,2,2,196,False,9,2,
1780,7,7885,2,3,220,False,9,2,
1781,7,16862,4,0,169,False,9,2,
1782,7,16852,4,1,223,False,9,2,
1783,7,16352,4,2,213,False,9,2,
1784,7,16495,4,3,181,False,9,2,
1785,7,25516,7,0,172,False,9,3,
1786,7,38041,7,1,186,False,9,3,
1787,7,38043,7,2,234,False,9,3,
1788,7,16532,7,3,162,False,9,3,
1789,7,16253,5,0,221,False,9,3,
1790,7,10622,5,1,205,False,9,3,
1791,7,38039,5,2,169,False,9,3,
1792,7,38687,5,3,233,False,9,3,
1793,7,25325,9,0,232,False,9,4,
1794,7,27134,9,1,144,False,9,4,
1795,7,25554,9,2,180,False,9,4,
1796,7,16398,9,3,224,False,9,4,
1797,7,25297,10,0,212,False,9,4,
1798,7,38092,10,1,167,False,9,4,
1799,7,16519,10,2,212,False,9,4,
1800,7,16888,10,3,210,False,9,4,
1801,8,7734,1,0,190,False,1,0,
1802,8,7102,1,1,214,False,1,0,
1803,8,16896,1,2,183,False,1,0,
1804,8,16243,1,3,226,False,1,0,
1805,8,38361,6,0,190,False,1,0,
1806,8,38411,6,1,231,False,1,0,
1807,8,38550,6,2,244,False,1,0,
1808,8,7348,6,3,245,False,1,0,
1809,8,7408,3,0,216,False,1,1,
1810,8,7600,3,1,174,False,1,1,
1811,8,7601,3,2,171,False,1,1,
1812,8,16762,3,3,162,False,1,1,
1813,8,10124,8,0,232,False,1,1,
1814,8,16469,8,1,193,False,1,1,
1815,8,16263,8,2,169,False,1,1,
1816,8,7937,8,3,233,False,1,1,
1817,8,7593,2,0,151,False,1,2,
1818,8,7867,2,1,159,False,1,2,
1819,8,16912,2,2,213,False,1,2,
1820,8,7597,2,3,160,False,1,2,
1821,8,16495,4,0,249,False,1,2,
1822,8,16945,4,1,202,False,1,2,
1823,8,16352,4,2,175,False,1,2,
1824,8,16852,4,3,170,False,1,2,
1825,8,25516,7,0,225,False,1,3,
1826,8,16873,7,1,133,False,1,3,
1827,8,38043,7,2,196,False,1,3,
1828,8,16251,7,3,247,False,1,3,
1829,8,16253,5,0,196,False,1,3,
1830,8,10622,5,1,266,False,1,3,
1831,8,38687,5,2,268,False,1,3,
1832,8,16301,5,3,230,False,1,3,
1833,8,25325,9,0,212,False,1,4,
1834,8,7602,9,1,203,False,1,4,
1835,8,16398,9,2,156,False,1,4,
1836,8,25554,9,3,163,False,1,4,
1837,8,25297,10,0,237,False,1,4,
1838,8,38092,10,1,192,False,1,4,
1839,8,16519,10,2,157,False,1,4,
1840,8,16888,10,3,188,False,1,4,
1841,8,7734,1,0,201,False,2,0,
1842,8,7102,1,1,190,False,2,0,
1843,8,7725,1,2,194,False,2,0,
1844,8,16243,1,3,215,False,2,0,
1845,8,25325,9,0,238,False,2,0,
1846,8,7602,9,1,222,False,2,0,
1847,8,27134,9,2,158,False,2,0,
1848,8,25554,9,3,181,False,2,0,
1849,8,7408,3,0,234,False,2,1,
1850,8,7600,3,1,183,False,2,1,
1851,8,7601,3,2,171,False,2,1,
1852,8,16762,3,3,148,False,2,1,
1853,8,16253,5,0,177,False,2,1,
1854,8,10622,5,1,182,False,2,1,
1855,8,38687,5,2,181,False,2,1,
1856,8,16301,5,3,183,False,2,1,
1857,8,7593,2,0,213,False,2,2,
1858,8,7867,2,1,211,False,2,2,
1859,8,16912,2,2,191,False,2,2,
1860,8,7597,2,3,169,False,2,2,
1861,8,25516,7,0,213,False,2,2,
1862,8,16532,7,1,235,False,2,2,
1863,8,38043,7,2,178,False,2,2,
1864,8,16251,7,3,172,False,2,2,
1865,8,10124,8,0,247,False,2,3,
1866,8,16469,8,1,195,False,2,3,
1867,8,16263,8,2,190,False,2,3,
1868,8,7937,8,3,215,False,2,3,
1869,8,38361,6,0,242,False,2,3,
1870,8,38411,6,1,180,False,2,3,
1871,8,38550,6,2,191,False,2,3,
1872,8,7348,6,3,212,False,2,3,
1873,8,25297,10,0,239,False,2,4,
1874,8,38092,10,1,158,False,2,4,
1875,8,16519,10,2,221,False,2,4,
1876,8,16888,10,3,167,False,2,4,
1877,8,16495,4,0,191,False,2,4,
1878,8,16945,4,1,179,False,2,4,
1879,8,16352,4,2,182,False,2,4,
1880,8,16852,4,3,150,False,2,4,
1881,8,7734,1,0,147,False,3,0,
1882,8,7102,1,1,267,False,3,0,
1883,8,7725,1,2,182,False,3,0,
1884,8,16243,1,3,217,False,3,0,
1885,8,10124,8,0,213,False,3,0,
1886,8,16469,8,1,212,False,3,0,
1887,8,16263,8,2,149,False,3,0,
1888,8,7937,8,3,203,False,3,0,
1889,8,25325,9,0,168,False,3,1,
1890,8,7602,9,1,174,False,3,1,
1891,8,27134,9,2,179,False,3,1,
1892,8,41008,9,3,205,False,3,1,
1893,8,7408,3,0,194,False,3,1,
1894,8,7600,3,1,173,False,3,1,
1895,8,7601,3,2,179,False,3,1,
1896,8,7416,3,3,170,False,3,1,
1897,8,7593,2,0,199,False,3,2,
1898,8,7867,2,1,226,False,3,2,
1899,8,16912,2,2,164,False,3,2,
1900,8,7597,2,3,169,False,3,2,
1901,8,25297,10,0,210,False,3,2,
1902,8,38092,10,1,189,False,3,2,
1903,8,16519,10,2,180,False,3,2,
1904,8,16888,10,3,190,False,3,2,
1905,8,38018,5,0,224,False,3,3,
1906,8,10622,5,1,157,False,3,3,
1907,8,38687,5,2,220,False,3,3,
1908,8,16301,5,3,184,False,3,3,
1909,8,16495,4,0,215,False,3,3,
1910,8,16945,4,1,213,False,3,3,
1911,8,16352,4,2,212,False,3,3,
1912,8,16862,4,3,183,False,3,3,
1913,8,25516,7,0,204,False,3,4,
1914,8,16532,7,1,159,False,3,4,
1915,8,38043,7,2,149,False,3,4,
1916,8,16251,7,3,188,False,3,4,
1917,8,38361,6,0,186,False,3,4,
1918,8,38411,6,1,213,False,3,4,
1919,8,38550,6,2,171,False,3,4,
1920,8,7348,6,3,244,False,3,4,
1921,8,7724,1,0,171,False,4,0,
1922,8,7102,1,1,212,False,4,0,
1923,8,7725,1,2,259,False,4,0,
1924,8,16243,1,3,244,False,4,0,
1925,8,7593,2,0,171,False,4,0,
1926,8,7867,2,1,222,False,4,0,
1927,8,16912,2,2,189,False,4,0,
1928,8,7597,2,3,160,False,4,0,
1929,8,7408,3,0,223,False,4,1,
1930,8,7600,3,1,132,False,4,1,
1931,8,7601,3,2,187,False,4,1,
1932,8,7416,3,3,188,False,4,1,
1933,8,38361,6,0,147,False,4,1,
1934,8,38411,6,1,196,False,4,1,
1935,8,38550,6,2,198,False,4,1,
1936,8,7348,6,3,237,False,4,1,
1937,8,25297,10,0,203,False,4,2,
1938,8,38092,10,1,150,False,4,2,
1939,8,16519,10,2,160,False,4,2,
1940,8,16888,10,3,159,False,4,2,
1941,8,38018,5,0,212,False,4,2,
1942,8,10622,5,1,180,False,4,2,
1943,8,38687,5,2,160,False,4,2,
1944,8,16301,5,3,188,False,4,2,
1945,8,25325,9,0,179,False,4,3,
1946,8,7602,9,1,190,False,4,3,
1947,8,27134,9,2,213,False,4,3,
1948,8,41008,9,3,174,False,4,3,
1949,8,10124,8,0,181,False,4,3,
1950,8,16469,8,1,170,False,4,3,
1951,8,16263,8,2,177,False,4,3,
1952,8,7937,8,3,172,False,4,3,
1953,8,25516,7,0,212,False,4,4,
1954,8,16532,7,1,176,False,4,4,
1955,8,16873,7,2,214,False,4,4,
1956,8,16251,7,3,146,False,4,4,
1957,8,16495,4,0,234,False,4,4,
1958,8,16945,4,1,179,False,4,4,
1959,8,16352,4,2,212,False,4,4,
1960,8,16862,4,3,153,False,4,4,
1961,8,16896,1,0,188,False,5,0,
1962,8,7102,1,1,244,False,5,0,
1963,8,7725,1,2,148,False,5,0,
1964,8,16243,1,3,222,False,5,0,
1965,8,16253,5,0,235,False,5,0,
1966,8,10622,5,1,191,False,5,0,
1967,8,38687,5,2,171,False,5,0,
1968,8,16301,5,3,169,False,5,0,
1969,8,7408,3,0,215,False,5,1,
1970,8,7600,3,1,174,False,5,1,
1971,8,16762,3,2,182,False,5,1,
1972,8,7416,3,3,225,False,5,1,
1973,8,16495,4,0,211,False,5,1,
1974,8,16945,4,1,183,False,5,1,
1975,8,16352,4,2,194,False,5,1,
1976,8,16852,4,3,217,False,5,1,
1977,8,25325,9,0,178,False,5,2,
1978,8,7602,9,1,217,False,5,2,
1979,8,16398,9,2,189,False,5,2,
1980,8,25554,9,3,181,False,5,2,
1981,8,7593,2,0,203,False,5,2,
1982,8,7867,2,1,226,False,5,2,
1983,8,16912,2,2,188,False,5,2,
1984,8,7597,2,3,194,False,5,2,
1985,8,25516,7,0,195,False,5,3,
1986,8,38043,7,1,192,False,5,3,
1987,8,7099,7,2,225,False,5,3,
1988,8,16251,7,3,214,False,5,3,
1989,8,10124,8,0,190,False,5,3,
1990,8,25465,8,1,183,False,5,3,
1991,8,16263,8,2,159,False,5,3,
1992,8,7937,8,3,246,False,5,3,
1993,8,25297,10,0,224,False,5,4,
1994,8,38092,10,1,264,False,5,4,
1995,8,25061,10,2,147,False,5,4,
1996,8,16888,10,3,226,False,5,4,
1997,8,38361,6,0,242,False,5,4,
1998,8,38411,6,1,186,False,5,4,
1999,8,38550,6,2,246,False,5,4,
2000,8,7348,6,3,192,False,5,4,
2001,8,16896,1,0,194,False,6,0,
2002,8,7102,1,1,203,False,6,0,
2003,8,7725,1,2,194,False,6,0,
2004,8,16243,1,3,172,False,6,0,
2005,8,25516,7,0,245,False,6,0,
2006,8,38043,7,1,145,False,6,0,
2007,8,7099,7,2,178,False,6,0,
2008,8,16251,7,3,245,False,6,0,
2009,8,7408,3,0,176,False,6,1,
2010,8,7600,3,1,202,False,6,1,
2011,8,16762,3,2,137,False,6,1,
2012,8,7416,3,3,194,False,6,1,
2013,8,25297,10,0,234,False,6,1,
2014,8,38092,10,1,157,False,6,1,
2015,8,25061,10,2,165,False,6,1,
2016,8,16888,10,3,168,False,6,1,
2017,8,7593,2,0,195,False,6,2,
2018,8,7867,2,1,200,False,6,2,
2019,8,16912,2,2,160,False,6,2,
2020,8,7597,2,3,171,False,6,2,
2021,8,10124,8,0,192,False,6,2,
2022,8,25465,8,1,170,False,6,2,
2023,8,7740,8,2,201,False,6,2,
2024,8,7937,8,3,212,False,6,2,
2025,8,16253,5,0,237,False,6,3,
2026,8,10622,5,1,189,False,6,3,
2027,8,38687,5,2,150,False,6,3,
2028,8,16301,5,3,186,False,6,3,
2029,8,38361,6,0,220,False,6,3,
2030,8,38411,6,1,212,False,6,3,
2031,8,38550,6,2,210,False,6,3,
2032,8,7348,6,3,221,False,6,3,
2033,8,25325,9,0,246,False,6,4,
2034,8,7602,9,1,174,False,6,4,
2035,8,16398,9,2,161,False,6,4,
2036,8,25554,9,3,184,False,6,4,
2037,8,16495,4,0,203,False,6,4,
2038,8,16945,4,1,195,False,6,4,
2039,8,16352,4,2,158,False,6,4,
2040,8,16852,4,3,236,False,6,4,
2041,8,16896,1,0,151,False,7,0,
2042,8,7102,1,1,226,False,7,0,
2043,8,7725,1,2,219,False,7,0,
2044,8,7734,1,3,241,False,7,0,
2045,8,25297,10,0,238,False,7,0,
2046,8,38092,10,1,187,False,7,0,
2047,8,25061,10,2,203,False,7,0,
2048,8,16888,10,3,136,False,7,0,
2049,8,7593,2,0,213,False,7,1,
2050,8,7867,2,1,167,False,7,1,
2051,8,16912,2,2,184,False,7,1,
2052,8,7597,2,3,204,False,7,1,
2053,8,7408,3,0,181,False,7,1,
2054,8,7600,3,1,150,False,7,1,
2055,8,7601,3,2,147,False,7,1,
2056,8,7416,3,3,194,False,7,1,
2057,8,10124,8,0,198,False,7,2,
2058,8,25465,8,1,191,False,7,2,
2059,8,7740,8,2,201,False,7,2,
2060,8,7937,8,3,241,False,7,2,
2061,8,16253,5,0,201,False,7,2,
2062,8,10622,5,1,156,False,7,2,
2063,8,38018,5,2,159,False,7,2,
2064,8,16301,5,3,205,False,7,2,
2065,8,16495,4,0,182,False,7,3,
2066,8,16945,4,1,191,False,7,3,
2067,8,16352,4,2,182,False,7,3,
2068,8,16852,4,3,152,False,7,3,
2069,8,38361,6,0,164,False,7,3,
2070,8,38411,6,1,169,False,7,3,
2071,8,38550,6,2,177,False,7,3,
2072,8,7348,6,3,187,False,7,3,
2073,8,25325,9,0,189,False,7,4,
2074,8,7602,9,1,182,False,7,4,
2075,8,16398,9,2,190,False,7,4,
2076,8,25554,9,3,148,False,7,4,
2077,8,25516,7,0,182,False,7,4,
2078,8,16873,7,1,170,False,7,4,
2079,8,7099,7,2,182,False,7,4,
2080,8,16251,7,3,206,False,7,4,
2081,8,16896,1,0,256,False,8,0,
2082,8,7102,1,1,177,False,8,0,
2083,8,7725,1,2,178,False,8,0,
2084,8,7734,1,3,183,False,8,0,
2085,8,16495,4,0,164,False,8,0,
2086,8,16945,4,1,197,False,8,0,
2087,8,16352,4,2,183,False,8,0,
2088,8,16852,4,3,148,False,8,0,
2089,8,7408,3,0,193,False,8,1,
2090,8,7600,3,1,155,False,8,1,
2091,8,7601,3,2,144,False,8,1,
2092,8,7416,3,3,205,False,8,1,
2093,8,25516,7,0,176,False,8,1,
2094,8,16873,7,1,222,False,8,1,
2095,8,7099,7,2,171,False,8,1,
2096,8,16251,7,3,162,False,8,1,
2097,8,7593,2,0,175,False,8,2,
2098,8,7867,2,1,173,False,8,2,
2099,8,16912,2,2,160,False,8,2,
2100,8,7597,2,3,172,False,8,2,
2101,8,38361,6,0,150,False,8,2,
2102,8,38411,6,1,180,False,8,2,
2103,8,38550,6,2,183,False,8,2,
2104,8,7348,6,3,204,False,8,2,
2105,8,25325,9,0,192,False,8,3,
2106,8,7602,9,1,214,False,8,3,
2107,8,27134,9,2,146,False,8,3,
2108,8,41008,9,3,213,False,8,3,
2109,8,16253,5,0,212,False,8,3,
2110,8,10622,5,1,211,False,8,3,
2111,8,38018,5,2,143,False,8,3,
2112,8,16301,5,3,187,False,8,3,
2113,8,25297,10,0,178,False,8,4,
2114,8,38092,10,1,178,False,8,4,
2115,8,25061,10,2,162,False,8,4,
2116,8,16519,10,3,191,False,8,4,
2117,8,10124,8,0,177,False,8,4,
2118,8,25465,8,1,203,False,8,4,
2119,8,7740,8,2,158,False,8,4,
2120,8,7937,8,3,203,False,8,4,
2121,8,16896,1,0,190,False,9,0,
2122,8,7102,1,1,164,False,9,0,
2123,8,7725,1,2,198,False,9,0,
2124,8,7734,1,3,226,False,9,0,
2125,8,7408,3,0,230,False,9,0,
2126,8,7600,3,1,203,False,9,0,
2127,8,7601,3,2,149,False,9,0,
2128,8,7416,3,3,192,False,9,0,
2129,8,7593,2,0,192,False,9,1,
2130,8,7867,2,1,212,False,9,1,
2131,8,16912,2,2,170,False,9,1,
2132,8,7597,2,3,183,False,9,1,
2133,8,16253,5,0,222,False,9,1,
2134,8,10622,5,1,167,False,9,1,
2135,8,38018,5,2,155,False,9,1,
2136,8,16301,5,3,189,False,9,1,
2137,8,10124,8,0,193,False,9,2,
2138,8,25465,8,1,221,False,9,2,
2139,8,7740,8,2,243,False,9,2,
2140,8,7937,8,3,226,False,9,2,
2141,8,16495,4,0,169,False,9,2,
2142,8,16945,4,1,214,False,9,2,
2143,8,16352,4,2,172,False,9,2,
2144,8,16862,4,3,158,False,9,2,
2145,8,25325,9,0,182,False,9,3,
2146,8,7602,9,1,136,False,9,3,
2147,8,27134,9,2,185,False,9,3,
2148,8,41008,9,3,181,False,9,3,
2149,8,38361,6,0,205,False,9,3,
2150,8,38411,6,1,164,False,9,3,
2151,8,38550,6,2,158,False,9,3,
2152,8,7348,6,3,234,False,9,3,
2153,8,25516,7,0,196,False,9,4,
2154,8,16873,7,1,169,False,9,4,
2155,8,38043,7,2,168,False,9,4,
2156,8,16251,7,3,175,False,9,4,
2157,8,25297,10,0,184,False,9,4,
2158,8,38092,10,1,155,False,9,4,
2159,8,25061,10,2,171,False,9,4,
2160,8,16519,10,3,196,False,9,4,
2161,9,16896,11,0,180,False,1,0,
2162,9,7724,11,1,225,False,1,0,
2163,9,7725,11,2,167,False,1,0,
2164,9,7734,11,3,212,False,1,0,
2165,9,38039,12,0,167,False,1,0,
2166,9,38687,12,1,154,False,1,0,
2167,9,10622,12,2,223,False,1,0,
2168,9,16301,12,3,181,False,1,0,
2169,9,7593,13,0,145,False,1,1,
2170,9,7886,13,1,208,False,1,1,
2171,9,7597,13,2,174,False,1,1,
2172,9,7885,13,3,177,False,1,1,
2173,9,7408,14,0,180,False,1,1,
2174,9,7600,14,1,139,False,1,1,
2175,9,7416,14,2,177,False,1,1,
2176,9,7601,14,3,155,False,1,1,
2177,9,16532,15,0,156,False,1,2,
2178,9,16873,15,1,169,False,1,2,
2179,9,25516,15,2,172,False,1,2,
2180,9,16251,15,3,168,False,1,2,
2181,9,16862,16,0,184,False,1,2,
2182,9,16945,16,1,148,False,1,2,
2183,9,16352,16,2,158,False,1,2,
2184,9,16495,16,3,194,False,1,2,
2185,9,27134,17,0,158,False,1,3,
2186,9,25325,17,1,156,False,1,3,
2187,9,16398,17,2,219,False,1,3,
2188,9,7428,17,3,171,False,1,3,
2189,9,25822,18,0,162,False,1,3,
2190,9,25166,18,1,156,False,1,3,
2191,9,25649,18,2,143,False,1,3,
2192,9,7314,18,3,188,False,1,3,
2193,9,16007,19,0,154,False,1,4,
2194,9,25604,19,1,233,False,1,4,
2195,9,7830,19,2,170,False,1,4,
2196,9,25271,19,3,169,False,1,4,
2197,9,38550,20,0,195,False,1,4,
2198,9,38411,20,1,179,False,1,4,
2199,9,38569,20,2,105,False,1,4,
2200,9,38361,20,3,166,False,1,4,
2201,9,16896,11,0,139,False,2,0,
2202,9,7724,11,1,201,False,2,0,
2203,9,7725,11,2,172,False,2,0,
2204,9,7734,11,3,220,False,2,0,
2205,9,25822,18,0,182,False,2,0,
2206,9,25166,18,1,153,False,2,0,
2207,9,25649,18,2,165,False,2,0,
2208,9,7314,18,3,160,False,2,0,
2209,9,7886,13,0,158,False,2,1,
2210,9,16912,13,1,192,False,2,1,
2211,9,7597,13,2,171,False,2,1,
2212,9,7885,13,3,190,False,2,1,
2213,9,16862,16,0,179,False,2,1,
2214,9,16945,16,1,171,False,2,1,
2215,9,16352,16,2,145,False,2,1,
2216,9,16495,16,3,183,False,2,1,
2217,9,16007,19,0,150,False,2,2,
2218,9,25604,19,1,160,False,2,2,
2219,9,7830,19,2,182,False,2,2,
2220,9,25271,19,3,174,False,2,2,
2221,9,38039,12,0,190,False,2,2,
2222,9,38687,12,1,155,False,2,2,
2223,9,10622,12,2,199,False,2,2,
2224,9,16301,12,3,158,False,2,2,
2225,9,27134,17,0,168,False,2,3,
2226,9,25325,17,1,164,False,2,3,
2227,9,16398,17,2,168,False,2,3,
2228,9,7428,17,3,203,False,2,3,
2229,9,38550,20,0,196,False,2,3,
2230,9,38411,20,1,152,False,2,3,
2231,9,25024,20,2,134,False,2,3,
2232,9,38361,20,3,199,False,2,3,
2233,9,7408,14,0,198,False,2,4,
2234,9,16762,14,1,184,False,2,4,
2235,9,7416,14,2,172,False,2,4,
2236,9,7601,14,3,165,False,2,4,
2237,9,16532,15,0,223,False,2,4,
2238,9,16873,15,1,191,False,2,4,
2239,9,16559,15,2,192,False,2,4,
2240,9,16251,15,3,196,False,2,4,
2241,9,7734,11,0,206,False,3,0,
2242,9,7724,11,1,227,False,3,0,
2243,9,7725,11,2,184,False,3,0,
2244,9,16896,11,3,184,False,3,0,
2245,9,7408,14,0,173,False,3,0,
2246,9,16762,14,1,201,False,3,0,
2247,9,7600,14,2,142,False,3,0,
2248,9,7416,14,3,211,False,3,0,
2249,9,7886,13,0,170,False,3,1,
2250,9,16912,13,1,228,False,3,1,
2251,9,7597,13,2,151,False,3,1,
2252,9,7885,13,3,228,False,3,1,
2253,9,38550,20,0,202,False,3,1,
2254,9,38411,20,1,177,False,3,1,
2255,9,25024,20,2,177,False,3,1,
2256,9,38361,20,3,167,False,3,1,
2257,9,27134,17,0,176,False,3,2,
2258,9,25325,17,1,141,False,3,2,
2259,9,16398,17,2,179,False,3,2,
2260,9,7428,17,3,196,False,3,2,
2261,9,38039,12,0,156,False,3,2,
2262,9,38687,12,1,170,False,3,2,
2263,9,10622,12,2,181,False,3,2,
2264,9,16301,12,3,156,False,3,2,
2265,9,16862,16,0,166,False,3,3,
2266,9,16945,16,1,173,False,3,3,
2267,9,16352,16,2,215,False,3,3,
2268,9,16495,16,3,180,False,3,3,
2269,9,25822,18,0,224,False,3,3,
2270,9,25166,18,1,192,False,3,3,
2271,9,25649,18,2,174,False,3,3,
2272,9,7314,18,3,248,False,3,3,
2273,9,16532,15,0,214,False,3,4,
2274,9,16873,15,1,190,False,3,4,
2275,9,16559,15,2,144,False,3,4,
2276,9,16251,15,3,190,False,3,4,
2277,9,16007,19,0,214,False,3,4,
2278,9,25604,19,1,191,False,3,4,
2279,9,7830,19,2,200,False,3,4,
2280,9,25271,19,3,168,False,3,4,
2281,9,7734,11,0,242,False,4,0,
2282,9,7724,11,1,157,False,4,0,
2283,9,7725,11,2,186,False,4,0,
2284,9,16896,11,3,166,False,4,0,
2285,9,27134,17,0,172,False,4,0,
2286,9,25554,17,1,184,False,4,0,
2287,9,16398,17,2,169,False,4,0,
2288,9,7428,17,3,191,False,4,0,
2289,9,7886,13,0,181,False,4,1,
2290,9,16912,13,1,228,False,4,1,
2291,9,7593,13,2,228,False,4,1,
2292,9,7885,13,3,180,False,4,1,
2293,9,16532,15,0,186,False,4,1,
2294,9,16873,15,1,199,False,4,1,
2295,9,25516,15,2,176,False,4,1,
2296,9,16251,15,3,166,False,4,1,
2297,9,38039,12,0,160,False,4,2,
2298,9,38687,12,1,201,False,4,2,
2299,9,10622,12,2,191,False,4,2,
2300,9,16301,12,3,191,False,4,2,
2301,9,25822,18,0,172,False,4,2,
2302,9,25166,18,1,182,False,4,2,
2303,9,25649,18,2,179,False,4,2,
2304,9,7314,18,3,183,False,4,2,
2305,9,16007,19,0,222,False,4,3,
2306,9,25604,19,1,169,False,4,3,
2307,9,7830,19,2,160,False,4,3,
2308,9,7831,19,3,169,False,4,3,
2309,9,16862,16,0,204,False,4,3,
2310,9,16945,16,1,133,False,4,3,
2311,9,16352,16,2,155,False,4,3,
2312,9,16495,16,3,186,False,4,3,
2313,9,7408,14,0,199,False,4,4,
2314,9,16762,14,1,131,False,4,4,
2315,9,7600,14,2,173,False,4,4,
2316,9,7416,14,3,181,False,4,4,
2317,9,38550,20,0,189,False,4,4,
2318,9,38411,20,1,186,False,4,4,
2319,9,25024,20,2,188,False,4,4,
2320,9,38361,20,3,211,False,4,4,
2321,9,7102,11,0,208,False,5,0,
2322,9,7724,11,1,175,False,5,0,
2323,9,7725,11,2,191,False,5,0,
2324,9,7734,11,3,168,False,5,0,
2325,9,16007,19,0,156,False,5,0,
2326,9,25604,19,1,187,False,5,0,
2327,9,7830,19,2,158,False,5,0,
2328,9,25271,19,3,219,False,5,0,
2329,9,7593,13,0,201,False,5,1,
2330,9,16912,13,1,225,False,5,1,
2331,9,7867,13,2,173,False,5,1,
2332,9,7886,13,3,198,False,5,1,
2333,9,38687,12,0,174,False,5,1,
2334,9,10622,12,1,196,False,5,1,
2335,9,38039,12,2,155,False,5,1,
2336,9,16301,12,3,182,False,5,1,
2337,9,7408,14,0,180,False,5,2,
2338,9,16762,14,1,171,False,5,2,
2339,9,7416,14,2,191,False,5,2,
2340,9,7601,14,3,179,False,5,2,
2341,9,16862,16,0,199,False,5,2,
2342,9,16945,16,1,171,False,5,2,
2343,9,16352,16,2,169,False,5,2,
2344,9,16495,16,3,173,False,5,2,
2345,9,27134,17,0,157,False,5,3,
2346,9,7428,17,1,199,False,5,3,
2347,9,16398,17,2,139,False,5,3,
2348,9,25554,17,3,192,False,5,3,
2349,9,16532,15,0,194,False,5,3,
2350,9,16873,15,1,194,False,5,3,
2351,9,25516,15,2,136,False,5,3,
2352,9,16251,15,3,190,False,5,3,
2353,9,38550,20,0,203,False,5,4,
2354,9,38411,20,1,156,False,5,4,
2355,9,38569,20,2,155,False,5,4,
2356,9,38361,20,3,154,False,5,4,
2357,9,25822,18,0,191,False,5,4,
2358,9,25788,18,1,167,False,5,4,
2359,9,25649,18,2,158,False,5,4,
2360,9,7314,18,3,247,False,5,4,
2361,9,7102,11,0,176,False,6,0,
2362,9,7724,11,1,174,False,6,0,
2363,9,7725,11,2,147,False,6,0,
2364,9,7734,11,3,135,False,6,0,
2365,9,16532,15,0,140,False,6,0,
2366,9,16873,15,1,183,False,6,0,
2367,9,25516,15,2,190,False,6,0,
2368,9,16251,15,3,216,False,6,0,
2369,9,27134,17,0,172,False,6,1,
2370,9,7428,17,1,150,False,6,1,
2371,9,16398,17,2,127,False,6,1,
2372,9,25554,17,3,173,False,6,1,
2373,9,7593,13,0,158,False,6,1,
2374,9,16912,13,1,162,False,6,1,
2375,9,7867,13,2,170,False,6,1,
2376,9,7886,13,3,189,False,6,1,
2377,9,7408,14,0,194,False,6,2,
2378,9,16762,14,1,153,False,6,2,
2379,9,7416,14,2,127,False,6,2,
2380,9,7601,14,3,173,False,6,2,
2381,9,38687,12,0,180,False,6,2,
2382,9,38039,12,1,164,False,6,2,
2383,9,10622,12,2,196,False,6,2,
2384,9,16301,12,3,212,False,6,2,
2385,9,16862,16,0,169,False,6,3,
2386,9,16945,16,1,191,False,6,3,
2387,9,16352,16,2,155,False,6,3,
2388,9,16495,16,3,174,False,6,3,
2389,9,38550,20,0,208,False,6,3,
2390,9,38411,20,1,189,False,6,3,
2391,9,38569,20,2,173,False,6,3,
2392,9,38361,20,3,147,False,6,3,
2393,9,16007,19,0,191,False,6,4,
2394,9,25604,19,1,193,False,6,4,
2395,9,7830,19,2,202,False,6,4,
2396,9,25271,19,3,200,False,6,4,
2397,9,25822,18,0,164,False,6,4,
2398,9,25788,18,1,146,False,6,4,
2399,9,25649,18,2,160,False,6,4,
2400,9,7314,18,3,179,False,6,4,
2401,9,7102,11,0,160,False,7,0,
2402,9,7724,11,1,192,False,7,0,
2403,9,7725,11,2,200,False,7,0,
2404,9,16896,11,3,164,False,7,0,
2405,9,16862,16,0,174,False,7,0,
2406,9,16945,16,1,153,False,7,0,
2407,9,16352,16,2,154,False,7,0,
2408,9,16495,16,3,142,False,7,0,
2409,9,7885,13,0,236,False,7,1,
2410,9,16912,13,1,176,False,7,1,
2411,9,7867,13,2,194,False,7,1,
2412,9,7886,13,3,170,False,7,1,
2413,9,16007,19,0,160,False,7,1,
2414,9,25604,19,1,175,False,7,1,
2415,9,7830,19,2,168,False,7,1,
2416,9,25271,19,3,178,False,7,1,
2417,9,38687,12,0,176,False,7,2,
2418,9,38039,12,1,132,False,7,2,
2419,9,10622,12,2,173,False,7,2,
2420,9,16301,12,3,184,False,7,2,
2421,9,38550,20,0,222,False,7,2,
2422,9,38411,20,1,135,False,7,2,
2423,9,38569,20,2,180,False,7,2,
2424,9,38361,20,3,193,False,7,2,
2425,9,27134,17,0,160,False,7,3,
2426,9,7428,17,1,190,False,7,3,
2427,9,25325,17,2,149,False,7,3,
2428,9,25554,17,3,166,False,7,3,
2429,9,7408,14,0,195,False,7,3,
2430,9,16762,14,1,171,False,7,3,
2431,9,7416,14,2,190,False,7,3,
2432,9,7601,14,3,132,False,7,3,
2433,9,16532,15,0,165,False,7,4,
2434,9,16873,15,1,181,False,7,4,
2435,9,25516,15,2,169,False,7,4,
2436,9,16251,15,3,181,False,7,4,
2437,9,25822,18,0,173,False,7,4,
2438,9,25788,18,1,158,False,7,4,
2439,9,25166,18,2,202,False,7,4,
2440,9,7314,18,3,166,False,7,4,
2441,9,7102,11,0,185,False,8,0,
2442,9,7724,11,1,191,False,8,0,
2443,9,7725,11,2,178,False,8,0,
2444,9,16896,11,3,189,False,8,0,
2445,9,7885,13,0,179,False,8,0,
2446,9,16912,13,1,187,False,8,0,
2447,9,7867,13,2,194,False,8,0,
2448,9,7886,13,3,185,False,8,0,
2449,9,38687,12,0,133,False,8,1,
2450,9,38039,12,1,135,False,8,1,
2451,9,10622,12,2,212,False,8,1,
2452,9,16301,12,3,193,False,8,1,
2453,9,16862,16,0,198,False,8,1,
2454,9,16945,16,1,179,False,8,1,
2455,9,16352,16,2,155,False,8,1,
2456,9,16495,16,3,180,False,8,1,
2457,9,27134,17,0,202,False,8,2,
2458,9,7428,17,1,169,False,8,2,
2459,9,25325,17,2,212,False,8,2,
2460,9,25554,17,3,158,False,8,2,
2461,9,7831,19,0,156,False,8,2,
2462,9,25604,19,1,204,False,8,2,
2463,9,7830,19,2,172,False,8,2,
2464,9,25271,19,3,266,False,8,2,
2465,9,7408,14,0,247,False,8,3,
2466,9,16762,14,1,133,False,8,3,
2467,9,7600,14,2,149,False,8,3,
2468,9,7416,14,3,165,False,8,3,
2469,9,25822,18,0,206,False,8,3,
2470,9,25788,18,1,150,False,8,3,
2471,9,25166,18,2,135,False,8,3,
2472,9,7314,18,3,219,False,8,3,
2473,9,16532,15,0,168,False,8,4,
2474,9,16873,15,1,184,False,8,4,
2475,9,25516,15,2,166,False,8,4,
2476,9,16251,15,3,207,False,8,4,
2477,9,38550,20,0,181,False,8,4,
2478,9,38411,20,1,154,False,8,4,
2479,9,38569,20,2,163,False,8,4,
2480,9,38361,20,3,157,False,8,4,
2481,9,7102,11,0,142,False,9,0,
2482,9,7724,11,1,215,False,9,0,
2483,9,7725,11,2,179,False,9,0,
2484,9,16896,11,3,243,False,9,0,
2485,9,38550,20,0,165,False,9,0,
2486,9,38411,20,1,198,False,9,0,
2487,9,38569,20,2,193,False,9,0,
2488,9,38361,20,3,138,False,9,0,
2489,9,7885,13,0,211,False,9,1,
2490,9,16912,13,1,226,False,9,1,
2491,9,7867,13,2,199,False,9,1,
2492,9,7886,13,3,187,False,9,1,
2493,9,25822,18,0,170,False,9,1,
2494,9,25788,18,1,155,False,9,1,
2495,9,25166,18,2,167,False,9,1,
2496,9,7314,18,3,211,False,9,1,
2497,9,16532,15,0,169,False,9,2,
2498,9,16873,15,1,135,False,9,2,
2499,9,25516,15,2,146,False,9,2,
2500,9,16251,15,3,165,False,9,2,
2501,9,38687,12,0,155,False,9,2,
2502,9,38039,12,1,153,False,9,2,
2503,9,10622,12,2,177,False,9,2,
2504,9,16301,12,3,136,False,9,2,
2505,9,27134,17,0,194,False,9,3,
2506,9,7428,17,1,182,False,9,3,
2507,9,25325,17,2,137,False,9,3,
2508,9,25554,17,3,171,False,9,3,
2509,9,16862,16,0,211,False,9,3,
2510,9,16945,16,1,236,False,9,3,
2511,9,16352,16,2,191,False,9,3,
2512,9,16495,16,3,161,False,9,3,
2513,9,7408,14,0,208,False,9,4,
2514,9,16762,14,1,159,False,9,4,
2515,9,7600,14,2,163,False,9,4,
2516,9,7416,14,3,180,False,9,4,
2517,9,7831,19,0,180,False,9,4,
2518,9,25604,19,1,132,False,9,4,
2519,9,7830,19,2,185,False,9,4,
2520,9,25271,19,3,172,False,9,4,
2521,2,7228,21,0,225,False,1,,
2522,2,7228,21,0,193,False,2,,
2523,2,7228,21,0,256,False,3,,
2524,2,7228,21,0,184,False,4,,
2525,2,7228,21,0,211,False,5,,
2526,2,25085,21,1,189,False,1,,
2527,2,25085,21,1,187,False,2,,
2528,2,25085,21,1,172,False,3,,
2529,2,25085,21,1,165,False,4,,
2530,2,25085,21,1,169,False,5,,
2531,2,38275,21,2,189,False,1,,
2532,2,38275,21,2,176,False,2,,
2533,2,38275,21,2,168,False,3,,
2534,2,38275,21,2,159,False,4,,
2535,2,38275,21,2,223,False,5,,
2536,2,7723,21,3,155,False,1,,
2537,2,7723,21,3,231,False,2,,
2538,2,7723,21,3,184,False,3,,
2539,2,7723,21,3,155,False,4,,
2540,2,7723,21,3,210,False,5,,
2541,2,7735,22,0,181,False,1,,
2542,2,7735,22,0,168,False,2,,
2543,2,7735,22,0,246,False,3,,
2544,2,7735,22,0,156,False,4,,
2545,2,7735,22,0,169,False,5,,
2546,2,16641,22,1,171,False,1,,
2547,2,16641,22,1,193,False,2,,
2548,2,16641,22,1,182,False,3,,
2549,2,16641,22,1,166,False,4,,
2550,2,16641,22,1,188,False,5,,
2551,2,7965,22,2,161,False,1,,
2552,2,7965,22,2,132,False,2,,
2553,2,38947,22,2,206,False,3,,
2554,2,38947,22,2,159,False,4,,
2555,2,38947,22,2,181,False,5,,
2556,2,7738,22,3,163,False,1,,
2557,2,7738,22,3,161,False,2,,
2558,2,7738,22,3,179,False,3,,
2559,2,7738,22,3,158,False,4,,
2560,2,7738,22,3,173,False,5,,
2561,2,38711,23,0,170,False,1,,
2562,2,38711,23,0,205,False,2,,
2563,2,38711,23,0,226,False,3,,
2564,2,38711,23,0,170,False,4,,
2565,2,38711,23,0,188,False,5,,
2566,2,25555,23,1,200,False,1,,
2567,2,25555,23,1,146,False,2,,
2568,2,16465,23,1,208,False,3,,
2569,2,16465,23,1,180,False,4,,
2570,2,16465,23,1,145,False,5,,
2571,2,38403,23,2,179,False,1,,
2572,2,38403,23,2,248,False,2,,
2573,2,38403,23,2,200,False,3,,
2574,2,38403,23,2,211,False,4,,
2575,2,38403,23,2,142,False,5,,
2576,2,16465,23,3,166,False,1,,
2577,2,16462,23,3,178,False,2,,
2578,2,16462,23,3,176,False,3,,
2579,2,16462,23,3,167,False,4,,
2580,2,16462,23,3,161,False,5,,
2581,2,25949,24,0,169,False,1,,
2582,2,25949,24,0,182,False,2,,
2583,2,25949,24,0,144,False,3,,
2584,2,25949,24,0,178,False,4,,
2585,2,25949,24,0,157,False,5,,
2586,2,38763,24,1,200,False,1,,
2587,2,38763,24,1,115,False,2,,
2588,2,38763,24,1,137,False,3,,
2589,2,38803,24,1,157,False,4,,
2590,2,38803,24,1,147,False,5,,
2591,2,25865,24,2,146,False,1,,
2592,2,25865,24,2,142,False,2,,
2593,2,25865,24,2,157,False,3,,
2594,2,25865,24,2,146,False,4,,
2595,2,38763,24,2,125,False,5,,
2596,2,38025,24,3,203,False,1,,
2597,2,38025,24,3,142,False,2,,
2598,2,38025,24,3,141,False,3,,
2599,2,38025,24,3,188,False,4,,
2600,2,38025,24,3,200,False,5,,
2601,2,16453,25,0,157,False,1,,
2602,2,16453,25,0,128,False,2,,
2603,2,16453,25,0,155,False,3,,
2604,2,16453,25,0,175,False,4,,
2605,2,16453,25,0,172,False,5,,
2606,2,7154,25,1,214,False,1,,
2607,2,7154,25,1,140,False,2,,
2608,2,7154,25,1,146,False,3,,
2609,2,7154,25,1,140,False,4,,
2610,2,7154,25,1,143,False,5,,
2611,2,7967,25,2,180,False,1,,
2612,2,7967,25,2,153,False,2,,
2613,2,7967,25,2,140,False,3,,
2614,2,7967,25,2,156,False,4,,
2615,2,7967,25,2,164,False,5,,
2616,2,7747,25,3,203,False,1,,
2617,2,7747,25,3,171,False,2,,
2618,2,7747,25,3,167,False,3,,
2619,2,7747,25,3,169,False,4,,
2620,2,7747,25,3,148,False,5,,
2621,2,38571,26,0,200,False,1,,
2622,2,38571,26,0,190,False,2,,
2623,2,38571,26,0,179,False,3,,
2624,2,38571,26,0,230,False,4,,
2625,2,38571,26,0,144,False,5,,
2626,2,38870,26,1,152,False,1,,
2627,2,38870,26,1,157,False,2,,
2628,2,38870,26,1,152,False,3,,
2629,2,38870,26,1,154,False,4,,
2630,2,38870,26,1,111,False,5,,
2631,2,38144,26,2,149,False,1,,
2632,2,38144,26,2,155,False,2,,
2633,2,25895,26,2,164,False,3,,
2634,2,25895,26,2,148,False,4,,
2635,2,25895,26,2,133,False,5,,
2636,2,38046,26,3,190,False,1,,
2637,2,38046,26,3,166,False,2,,
2638,2,38046,26,3,182,False,3,,
2639,2,38046,26,3,171,False,4,,
2640,2,38046,26,3,154,False,5,,
2641,1,7927,27,0,156,False,1,,
2642,1,7927,27,0,193,False,2,,
2643,1,7927,27,0,170,False,3,,
2644,1,7927,27,0,150,False,4,,
2645,1,7927,27,0,169,False,5,,
2646,1,7930,27,1,166,False,1,,
2647,1,7930,27,1,127,False,2,,
2648,1,7930,27,1,171,False,3,,
2649,1,7930,27,1,149,False,4,,
2650,1,7930,27,1,127,False,5,,
2651,1,7928,27,2,172,False,1,,
2652,1,7928,27,2,123,False,2,,
2653,1,7928,27,2,163,False,3,,
2654,1,7926,27,2,134,False,4,,
2655,1,7928,27,2,164,False,5,,
2656,1,16977,27,3,178,False,1,,
2657,1,16977,27,3,146,False,2,,
2658,1,16977,27,3,157,False,3,,
2659,1,16977,27,3,174,False,4,,
2660,1,16977,27,3,245,False,5,,
2661,1,38184,28,0,182,False,1,,
2662,1,38184,28,0,166,False,2,,
2663,1,38184,28,0,167,False,3,,
2664,1,38184,28,0,205,False,4,,
2665,1,38184,28,0,191,False,5,,
2666,1,7947,28,1,140,False,1,,
2667,1,7961,28,1,135,False,2,,
2668,1,7961,28,1,119,False,3,,
2669,1,7947,28,1,175,False,4,,
2670,1,7947,28,1,172,False,5,,
2671,1,13166,28,2,211,False,1,,
2672,1,13166,28,2,214,False,2,,
2673,1,13166,28,2,147,False,3,,
2674,1,13166,28,2,185,False,4,,
2675,1,13166,28,2,170,False,5,,
2676,1,16782,28,3,209,False,1,,
2677,1,16782,28,3,153,False,2,,
2678,1,16782,28,3,191,False,3,,
2679,1,16782,28,3,258,False,4,,
2680,1,16782,28,3,169,False,5,,
2681,1,38946,29,0,173,False,1,,
2682,1,38946,29,0,203,False,2,,
2683,1,38946,29,0,203,False,3,,
2684,1,38946,29,0,171,False,4,,
2685,1,38946,29,0,223,False,5,,
2686,1,38803,29,1,210,False,1,,
2687,1,38803,29,1,135,False,2,,
2688,1,38803,29,1,190,False,3,,
2689,1,38803,29,1,191,False,4,,
2690,1,38803,29,1,182,False,5,,
2691,1,38965,29,2,181,False,1,,
2692,1,38965,29,2,189,False,2,,
2693,1,38965,29,2,171,False,3,,
2694,1,38965,29,2,159,False,4,,
2695,1,38965,29,2,179,False,5,,
2696,1,7091,29,3,181,False,1,,
2697,1,7091,29,3,170,False,2,,
2698,1,7091,29,3,149,False,3,,
2699,1,7091,29,3,227,False,4,,
2700,1,7091,29,3,195,False,5,,
2701,1,25085,30,0,161,False,1,,
2702,1,25085,30,0,217,False,2,,
2703,1,25085,30,0,182,False,3,,
2704,1,25085,30,0,189,False,4,,
2705,1,25085,30,0,128,False,5,,
2706,1,7135,30,1,134,False,1,,
2707,1,7135,30,1,136,False,2,,
2708,1,7135,30,1,157,False,3,,
2709,1,7135,30,1,155,False,4,,
2710,1,7135,30,1,165,False,5,,
2711,1,7131,30,2,177,False,1,,
2712,1,7131,30,2,149,False,2,,
2713,1,7131,30,2,188,False,3,,
2714,1,7131,30,2,148,False,4,,
2715,1,7131,30,2,179,False,5,,
2716,1,7126,30,3,166,False,1,,
2717,1,7126,30,3,175,False,2,,
2718,1,7126,30,3,215,False,3,,
2719,1,7126,30,3,194,False,4,,
2720,1,7126,30,3,137,False,5,,
2721,1,38639,31,0,189,False,1,,
2722,1,38639,31,0,169,False,2,,
2723,1,38639,31,0,212,False,3,,
2724,1,38639,31,0,180,False,4,,
2725,1,38639,31,0,160,False,5,,
2726,1,38637,31,1,179,False,1,,
2727,1,38637,31,1,165,False,2,,
2728,1,38637,31,1,157,False,3,,
2729,1,38637,31,1,135,False,4,,
2730,1,38637,31,1,197,False,5,,
2731,1,16471,31,2,162,False,1,,
2732,1,16471,31,2,166,False,2,,
2733,1,16471,31,2,181,False,3,,
2734,1,16471,31,2,185,False,4,,
2735,1,16471,31,2,184,False,5,,
2736,1,16462,31,3,203,False,1,,
2737,1,16462,31,3,196,False,2,,
2738,1,16462,31,3,215,False,3,,
2739,1,16462,31,3,183,False,4,,
2740,1,16462,31,3,176,False,5,,
2741,1,38747,32,0,172,False,1,,
2742,1,38747,32,0,163,False,2,,
2743,1,38747,32,0,188,False,3,,
2744,1,38747,32,0,174,False,4,,
2745,1,38747,32,0,187,False,5,,
2746,1,38746,32,1,185,False,1,,
2747,1,38746,32,1,159,False,2,,
2748,1,38746,32,1,203,False,3,,
2749,1,38746,32,1,186,False,4,,
2750,1,38746,32,1,204,False,5,,
2751,1,38593,32,2,190,False,1,,
2752,1,38593,32,2,164,False,2,,
2753,1,38593,32,2,191,False,3,,
2754,1,38593,32,2,173,False,4,,
2755,1,38593,32,2,147,False,5,,
2756,1,7753,32,3,180,False,1,,
2757,1,7753,32,3,179,False,2,,
2758,1,7753,32,3,173,False,3,,
2759,1,38998,32,3,171,False,4,,
2760,1,38998,32,3,143,False,5,,
2761,10,16896,11,0,162,False,1,0,
2762,10,16896,11,0,202,False,2,0,
2763,10,16896,11,0,158,False,3,0,
2764,10,16896,11,0,200,False,4,0,
2765,10,16896,11,0,233,False,5,0,
2766,10,16896,11,0,173,False,6,0,
2767,10,16896,11,0,176,False,7,0,
2768,10,16896,11,0,214,False,8,0,
2769,10,16896,11,0,224,False,9,0,
2770,10,16245,11,1,211,False,1,0,
2771,10,16245,11,1,227,False,2,0,
2772,10,16245,11,1,206,False,3,0,
2773,10,16245,11,1,161,False,4,0,
2774,10,16245,11,1,199,False,5,0,
2775,10,16245,11,1,178,False,6,0,
2776,10,16245,11,1,172,False,7,0,
2777,10,16245,11,1,173,False,8,0,
2778,10,16245,11,1,202,False,9,0,
2779,10,7102,11,2,156,False,1,0,
2780,10,7102,11,2,178,False,2,0,
2781,10,7102,11,2,222,False,3,0,
2782,10,7102,11,2,192,False,4,0,
2783,10,7102,11,2,236,False,5,0,
2784,10,7102,11,2,177,False,6,0,
2785,10,7102,11,2,205,False,7,0,
2786,10,7102,11,2,200,False,8,0,
2787,10,7102,11,2,218,False,9,0,
2788,10,7725,11,3,189,False,1,0,
2789,10,7725,11,3,217,False,2,0,
2790,10,7725,11,3,195,False,3,0,
2791,10,7725,11,3,211,False,4,0,
2792,10,7725,11,3,199,False,5,0,
2793,10,7725,11,3,189,False,6,0,
2794,10,7725,11,3,203,False,7,0,
2795,10,7725,11,3,247,False,8,0,
2796,10,7725,11,3,224,False,9,0,
2797,10,7593,13,0,228,False,1,,
2798,10,7593,13,0,206,False,2,0,
2799,10,7593,13,0,234,False,3,,
2800,10,7593,13,0,246,False,4,,
2801,10,7593,13,0,254,False,5,,
2802,10,7593,13,0,235,False,6,,
2803,10,7593,13,0,189,False,7,,
2804,10,7593,13,0,207,False,8,,
2805,10,7593,13,0,206,False,9,,
2806,10,7591,13,1,215,False,1,,
2807,10,7591,13,1,229,False,2,0,
2808,10,7591,13,1,245,False,3,,
2809,10,7591,13,1,178,False,4,,
2810,10,7591,13,1,231,False,5,,
2811,10,7591,13,1,228,False,6,,
2812,10,7591,13,1,201,False,7,,
2813,10,7591,13,1,169,False,8,,
2814,10,7591,13,1,186,False,9,,
2815,10,7597,13,2,201,False,1,,
2816,10,7597,13,2,176,False,2,0,
2817,10,7867,13,2,162,False,3,,
2818,10,7867,13,2,207,False,4,,
2819,10,7867,13,2,199,False,5,,
2820,10,7867,13,2,188,False,6,,
2821,10,7867,13,2,256,False,7,,
2822,10,7867,13,2,195,False,8,,
2823,10,7867,13,2,252,False,9,,
2824,10,7885,13,3,247,False,1,,
2825,10,7885,13,3,234,False,2,0,
2826,10,7885,13,3,153,False,3,,
2827,10,7885,13,3,199,False,4,,
2828,10,7885,13,3,233,False,5,,
2829,10,7885,13,3,211,False,6,,
2830,10,7885,13,3,215,False,7,,
2831,10,7885,13,3,208,False,8,,
2832,10,7885,13,3,243,False,9,,
2833,10,38687,12,0,196,False,1,,
2834,10,38687,12,0,166,False,2,,
2835,10,10622,12,0,253,False,3,,
2836,10,10622,12,0,193,False,4,,
2837,10,10622,12,0,227,False,5,,
2838,10,10622,12,0,170,False,6,,
2839,10,10622,12,0,177,False,7,,
2840,10,10622,12,0,205,False,8,,
2841,10,10622,12,0,170,False,9,0,
2842,10,38018,12,1,161,False,1,,
2843,10,38018,12,1,168,False,2,,
2844,10,38018,12,1,194,False,3,,
2845,10,38018,12,1,236,False,4,,
2846,10,38018,12,1,181,False,5,,
2847,10,38018,12,1,156,False,6,,
2848,10,38018,12,1,201,False,7,,
2849,10,38018,12,1,176,False,8,,
2850,10,38018,12,1,211,False,9,0,
2851,10,10622,12,2,199,False,1,,
2852,10,10622,12,2,200,False,2,,
2853,10,38687,12,2,200,False,3,,
2854,10,38687,12,2,169,False,4,,
2855,10,38687,12,2,170,False,5,,
2856,10,38687,12,2,178,False,6,,
2857,10,38687,12,2,155,False,7,,
2858,10,38687,12,2,189,False,8,,
2859,10,38687,12,2,203,False,9,0,
2860,10,16301,12,3,198,False,1,,
2861,10,16301,12,3,183,False,2,,
2862,10,16301,12,3,223,False,3,,
2863,10,16301,12,3,197,False,4,,
2864,10,16301,12,3,256,False,5,,
2865,10,16301,12,3,205,False,6,,
2866,10,16301,12,3,289,False,7,,
2867,10,16301,12,3,194,False,8,,
2868,10,16301,12,3,192,False,9,0,
2869,10,16862,16,0,222,False,1,,
2870,10,16862,16,0,193,False,2,,
2871,10,16862,16,0,193,False,3,0,
2872,10,16862,16,0,183,False,4,,
2873,10,16352,16,0,180,False,5,,
2874,10,16352,16,0,196,False,6,,
2875,10,16352,16,0,161,False,7,,
2876,10,16352,16,0,183,False,8,,
2877,10,16352,16,0,227,False,9,,
2878,10,16945,16,1,132,False,1,,
2879,10,16945,16,1,167,False,2,,
2880,10,16945,16,1,158,False,3,0,
2881,10,16346,16,1,180,False,4,,
2882,10,16945,16,1,224,False,5,,
2883,10,16945,16,1,215,False,6,,
2884,10,16945,16,1,169,False,7,,
2885,10,16945,16,1,173,False,8,,
2886,10,16945,16,1,222,False,9,,
2887,10,16352,16,2,205,False,1,,
2888,10,16352,16,2,211,False,2,,
2889,10,16352,16,2,206,False,3,0,
2890,10,16352,16,2,153,False,4,,
2891,10,16862,16,2,237,False,5,,
2892,10,16862,16,2,217,False,6,,
2893,10,16862,16,2,185,False,7,,
2894,10,16862,16,2,156,False,8,,
2895,10,16862,16,2,167,False,9,,
2896,10,16495,16,3,227,False,1,,
2897,10,16495,16,3,190,False,2,,
2898,10,16495,16,3,165,False,3,0,
2899,10,16495,16,3,170,False,4,,
2900,10,16495,16,3,160,False,5,,
2901,10,16495,16,3,205,False,6,,
2902,10,16495,16,3,194,False,7,,
2903,10,16495,16,3,208,False,8,,
2904,10,16495,16,3,160,False,9,,
2905,10,7602,17,0,203,False,1,,
2906,10,7602,17,0,234,False,2,,
2907,10,7602,17,0,205,False,3,,
2908,10,7602,17,0,197,False,4,,
2909,10,7602,17,0,268,False,5,,
2910,10,7602,17,0,256,False,6,0,
2911,10,7602,17,0,232,False,7,,
2912,10,7602,17,0,210,False,8,,
2913,10,7602,17,0,201,False,9,,
2914,10,7428,17,1,214,False,1,,
2915,10,7428,17,1,237,False,2,,
2916,10,7428,17,1,213,False,3,,
2917,10,7428,17,1,174,False,4,,
2918,10,7428,17,1,226,False,5,,
2919,10,7428,17,1,254,False,6,0,
2920,10,7428,17,1,264,False,7,,
2921,10,7428,17,1,210,False,8,,
2922,10,38673,17,1,203,False,9,,
2923,10,38673,17,2,206,False,1,,
2924,10,38673,17,2,170,False,2,,
2925,10,38673,17,2,177,False,3,,
2926,10,25554,17,2,181,False,4,,
2927,10,25325,17,2,184,False,5,,
2928,10,25325,17,2,146,False,6,0,
2929,10,25554,17,2,158,False,7,,
2930,10,25554,17,2,185,False,8,,
2931,10,25554,17,2,204,False,9,,
2932,10,16398,17,3,242,False,1,,
2933,10,16398,17,3,221,False,2,,
2934,10,16398,17,3,237,False,3,,
2935,10,16398,17,3,182,False,4,,
2936,10,16398,17,3,168,False,5,,
2937,10,16398,17,3,182,False,6,0,
2938,10,16398,17,3,153,False,7,,
2939,10,16398,17,3,163,False,8,,
2940,10,16398,17,3,180,False,9,,
2941,10,7408,14,0,200,False,1,,
2942,10,7408,14,0,236,False,2,,
2943,10,7408,14,0,225,False,3,,
2944,10,7408,14,0,203,False,4,,
2945,10,7408,14,0,235,False,5,,
2946,10,7408,14,0,203,False,6,,
2947,10,7408,14,0,218,False,7,0,
2948,10,7408,14,0,228,False,8,,
2949,10,7408,14,0,177,False,9,,
2950,10,16762,14,1,131,False,1,,
2951,10,7600,14,1,143,False,2,,
2952,10,7600,14,1,165,False,3,,
2953,10,7600,14,1,171,False,4,,
2954,10,16762,14,1,146,False,5,,
2955,10,16762,14,1,172,False,6,,
2956,10,16762,14,1,190,False,7,0,
2957,10,16762,14,1,160,False,8,,
2958,10,16762,14,1,169,False,9,,
2959,10,7416,14,2,183,False,1,,
2960,10,7416,14,2,171,False,2,,
2961,10,7416,14,2,234,False,3,,
2962,10,7416,14,2,186,False,4,,
2963,10,7416,14,2,196,False,5,,
2964,10,7416,14,2,165,False,6,,
2965,10,7416,14,2,183,False,7,0,
2966,10,7416,14,2,188,False,8,,
2967,10,7416,14,2,206,False,9,,
2968,10,7601,14,3,190,False,1,,
2969,10,7601,14,3,202,False,2,,
2970,10,7601,14,3,168,False,3,,
2971,10,7601,14,3,172,False,4,,
2972,10,7601,14,3,176,False,5,,
2973,10,7601,14,3,173,False,6,,
2974,10,7601,14,3,192,False,7,0,
2975,10,7601,14,3,155,False,8,,
2976,10,7601,14,3,201,False,9,,
2977,10,16532,15,0,213,False,1,,
2978,10,16532,15,0,225,False,2,,
2979,10,16532,15,0,198,False,3,,
2980,10,16532,15,0,193,False,4,0,
2981,10,16532,15,0,193,False,5,,
2982,10,16532,15,0,173,False,6,,
2983,10,25516,15,0,181,False,7,,
2984,10,25516,15,0,124,False,8,,
2985,10,16532,15,0,224,False,9,,
2986,10,16559,15,1,210,False,1,,
2987,10,16559,15,1,224,False,2,,
2988,10,16559,15,1,191,False,3,,
2989,10,16559,15,1,195,False,4,0,
2990,10,16559,15,1,227,False,5,,
2991,10,16559,15,1,185,False,6,,
2992,10,16559,15,1,203,False,7,,
2993,10,16559,15,1,234,False,8,,
2994,10,16559,15,1,152,False,9,,
2995,10,12248,15,2,236,False,1,,
2996,10,12248,15,2,173,False,2,,
2997,10,12248,15,2,176,False,3,,
2998,10,25516,15,2,203,False,4,0,
2999,10,12248,15,2,213,False,5,,
3000,10,12248,15,2,236,False,6,,
3001,10,12248,15,2,203,False,7,,
3002,10,12248,15,2,209,False,8,,
3003,10,12248,15,2,188,False,9,,
3004,10,25516,15,3,213,False,1,,
3005,10,25516,15,3,172,False,2,,
3006,10,38043,15,3,196,False,3,,
3007,10,38043,15,3,231,False,4,0,
3008,10,38043,15,3,182,False,5,,
3009,10,38043,15,3,194,False,6,,
3010,10,38043,15,3,195,False,7,,
3011,10,38043,15,3,173,False,8,,
3012,10,38043,15,3,169,False,9,,
3013,10,38550,20,0,169,False,1,0,
3014,10,38550,20,0,177,False,2,,
3015,10,38550,20,0,214,False,3,,
3016,10,38550,20,0,213,False,4,,
3017,10,38550,20,0,195,False,5,,
3018,10,38550,20,0,178,False,6,,
3019,10,38550,20,0,223,False,7,,
3020,10,38550,20,0,234,False,8,,
3021,10,38550,20,0,247,False,9,,
3022,10,38411,20,1,169,False,1,0,
3023,10,38411,20,1,194,False,2,,
3024,10,38411,20,1,165,False,3,,
3025,10,38411,20,1,216,False,4,,
3026,10,38411,20,1,229,False,5,,
3027,10,38411,20,1,213,False,6,,
3028,10,38411,20,1,209,False,7,,
3029,10,38411,20,1,257,False,8,,
3030,10,38411,20,1,145,False,9,,
3031,10,38361,20,2,160,False,1,0,
3032,10,38361,20,2,177,False,2,,
3033,10,38361,20,2,190,False,3,,
3034,10,38361,20,2,205,False,4,,
3035,10,38361,20,2,127,False,5,,
3036,10,38361,20,2,218,False,6,,
3037,10,38361,20,2,236,False,7,,
3038,10,38361,20,2,225,False,8,,
3039,10,38361,20,2,152,False,9,,
3040,10,7348,20,3,140,False,1,0,
3041,10,7348,20,3,141,False,2,,
3042,10,7348,20,3,152,False,3,,
3043,10,7348,20,3,166,False,4,,
3044,10,7348,20,3,214,False,5,,
3045,10,7348,20,3,195,False,6,,
3046,10,7348,20,3,175,False,7,,
3047,10,7348,20,3,211,False,8,,
3048,10,7348,20,3,213,False,9,,
3049,10,7317,18,0,181,False,1,,
3050,10,7317,18,0,179,False,2,,
3051,10,7317,18,0,184,False,3,,
3052,10,7317,18,0,193,False,4,,
3053,10,25166,18,0,140,False,5,,
3054,10,7317,18,0,179,False,6,,
3055,10,7317,18,0,201,False,7,,
3056,10,7317,18,0,234,False,8,0,
3057,10,7317,18,0,167,False,9,,
3058,10,25822,18,1,238,False,1,,
3059,10,25822,18,1,244,False,2,,
3060,10,25822,18,1,216,False,3,,
3061,10,25822,18,1,217,False,4,,
3062,10,25822,18,1,162,False,5,,
3063,10,25822,18,1,231,False,6,,
3064,10,25822,18,1,226,False,7,,
3065,10,25822,18,1,214,False,8,0,
3066,10,25822,18,1,154,False,9,,
3067,10,25649,18,2,208,False,1,,
3068,10,25649,18,2,235,False,2,,
3069,10,25649,18,2,225,False,3,,
3070,10,25649,18,2,259,False,4,,
3071,10,25649,18,2,267,False,5,,
3072,10,25649,18,2,214,False,6,,
3073,10,25649,18,2,193,False,7,,
3074,10,25649,18,2,256,False,8,0,
3075,10,25649,18,2,221,False,9,,
3076,10,7314,18,3,192,False,1,,
3077,10,7314,18,3,205,False,2,,
3078,10,7314,18,3,255,False,3,,
3079,10,7314,18,3,200,False,4,,
3080,10,7314,18,3,237,False,5,,
3081,10,7314,18,3,211,False,6,,
3082,10,7314,18,3,200,False,7,,
3083,10,7314,18,3,169,False,8,0,
3084,10,7314,18,3,145,False,9,,
3085,10,16007,19,0,157,False,1,,
3086,10,16007,19,0,184,False,2,,
3087,10,16007,19,0,180,False,3,,
3088,10,25604,19,0,181,False,4,,
3089,10,25604,19,0,232,False,5,0,
3090,10,25604,19,0,187,False,6,,
3091,10,25604,19,0,145,False,7,,
3092,10,16007,19,0,186,False,8,,
3093,10,16007,19,0,172,False,9,,
3094,10,38025,19,1,202,False,1,,
3095,10,38025,19,1,202,False,2,,
3096,10,38025,19,1,184,False,3,,
3097,10,38025,19,1,189,False,4,,
3098,10,38025,19,1,193,False,5,0,
3099,10,38025,19,1,213,False,6,,
3100,10,38025,19,1,217,False,7,,
3101,10,38025,19,1,248,False,8,,
3102,10,38025,19,1,184,False,9,,
3103,10,7830,19,2,162,False,1,,
3104,10,7831,19,2,222,False,2,,
3105,10,7831,19,2,210,False,3,,
3106,10,7831,19,2,224,False,4,,
3107,10,7831,19,2,219,False,5,0,
3108,10,7831,19,2,205,False,6,,
3109,10,7831,19,2,222,False,7,,
3110,10,7831,19,2,162,False,8,,
3111,10,7831,19,2,182,False,9,,
3112,10,25271,19,3,275,False,1,,
3113,10,25271,19,3,233,False,2,,
3114,10,25271,19,3,206,False,3,,
3115,10,25271,19,3,240,False,4,,
3116,10,25271,19,3,182,False,5,0,
3117,10,25271,19,3,181,False,6,,
3118,10,7830,19,3,168,False,7,,
3119,10,25271,19,3,205,False,8,,
3120,10,25271,19,3,185,False,9,,
