id,match_id,scoring_system_id,team1_individual_points,team2_individual_points,team1_match_points,team2_match_points,computed_at,created_at,updated_at
2324660b-b850-40d4-b32e-4b84a73a13b4,15ee0e7a-845a-499e-b96f-5b2b83053c40,e3dd8d6d-a5c0-4cfc-ac64-ddcb13e9e19a,1.0,3.0,0.0,3.0,2026-01-06T00:08:11.734683,2026-01-06T00:08:11.734683,2026-01-06T00:08:11.734683
90ef89c0-c3de-46f5-816f-d8194cf16722,283d5b81-3970-49e7-8849-ff0ee49e8212,e3dd8d6d-a5c0-4cfc-ac64-ddcb13e9e19a,2.0,2.0,0.0,3.0,2026-01-06T00:08:11.734683,2026-01-06T00:08:11.734683,2026-01-06T00:08:11.734683
a24ac36f-2645-4660-82fd-94769289b4d7,8ec91b77-2f57-4231-a9e1-bd54b9719d5a,e3dd8d6d-a5c0-4cfc-ac64-ddcb13e9e19a,2.0,2.0,0.0,3.0,2026-01-06T00:08:11.734683,2026-01-06T00:08:11.734683,2026-01-06T00:08:11.734683
0dd5c872-89f8-48fb-97b2-f1a0d208608f,97cb4464-dfd5-477e-ac40-aa361c47c9de,e3dd8d6d-a5c0-4cfc-ac64-ddcb13e9e19a,2.5,1.5,0.0,3.0,2026-01-06T00:08:11.734683,2026-01-06T00:08:11.734683,2026-01-06T00:08:11.734683
ad18b86b-006f-49a5-a19e-568a6a6699a8,86e1157d-0f08-4bf7-9532-a872d71370bc,e3dd8d6d-a5c0-4cfc-ac64-ddcb13e9e19a,3.0,1.0,3.0,0.0,2026-01-06T00:08:11.735685,2026-01-06T00:08:11.735685,2026-01-06T00:08:11.735685
cf9f56a5-2c5d-4f14-81f2-65124808e2c1,010d4c80-4069-4156-9e1a-54197681c2e3,e3dd8d6d-a5c0-4cfc-ac64-ddcb13e9e19a,1.0,3.0,0.0,3.0,2026-01-06T00:08:11.735685,2026-01-06T00:08:11.735685,2026-01-06T00:08:11.735685
408b6ff2-c9a8-45c4-ba5a-3b35c4327d1f,2ae0dc09-5169-4caf-8f16-cef33ba5a966,e3dd8d6d-a5c0-4cfc-ac64-ddcb13e9e19a,3.0,1.0,3.0,0.0,2026-01-06T00:08:11.735685,2026-01-06T00:08:11.735685,2026-01-06T00:08:11.735685
af7dd613-71b5-4d60-bef9-d2a91e223566,e83de682-0e9a-43ce-9d1e-bc2dc8fe588a,e3dd8d6d-a5c0-4cfc-ac64-ddcb13e9e19a,2.0,2.0,0.0,3.0,2026-01-06T00:08:11.735685,2026-01-06T00:08:11.735685,2026-01-06T00:08:11.735685
51e91ed5-1cde-4786-a107-a40e22532cfe,71cc21d4-4a5f-48e6-a563-672a766c1fa5,e3dd8d6d-a5c0-4cfc-ac64-ddcb13e9e19a,3.0,1.0,3.0,0.0,2026-01-06T00:08:11.735685,2026-01-06T00:08:11.735685,2026-01-06T00:08:11.735685
5881c604-8de5-474c-8bb3-34ccc85f64b7,cc964d25-d57b-4b06-a29a-42787dfdb8da,e3dd8d6d-a5c0-4cfc-ac64-ddcb13e9e19a,0.0,4.0,0.0,3.0,2026-01-06T00:08:11.735685,2026-01-06T00:08:11.735685,2026-01-06T00:08:11.735685
dd611ec4-4440-43a6-9392-10d1625212c3,5db040e4-34e1-449a-8b45-0233e6c1136f,e3dd8d6d-a5c0-4cfc-ac64-ddcb13e9e19a,1.0,3.0,0.0,3.0,2026-01-06T00:08:11.735685,2026-01-06T00:08:11.735685,2026-01-06T00:08:11.735685
b596b272-b8cc-4387-bdb8-c2e72452992b,96d8669a-bdf0-475a-bcde-9d7241a8d530,e3dd8d6d-a5c0-4cfc-ac64-ddcb13e9e19a,2.0,2.0,3.0,0.0,2026-01-06T00:08:11.737006,2026-01-06T00:08:11.737006,2026-01-06T00:08:11.737006
75c97544-90ea-494c-8d99-5481063bc780,01dbdcfb-d854-4175-b8c5-595d7dbd1c4b,e3dd8d6d-a5c0-4cfc-ac64-ddcb13e9e19a,2.0,2.0,3.0,0.0,2026-01-06T00:08:11.737006,2026-01-06T00:08:11.737006,2026-01-06T00:08:11.737006
fbe7a461-b6f7-40c2-8fca-21709dc70d41,803ea22c-afd8-4e43-90aa-328f160b5968,e3dd8d6d-a5c0-4cfc-ac64-ddcb13e9e19a,3.0,1.0,3.0,0.0,2026-01-06T00:08:11.737006,2026-01-06T00:08:11.737006,2026-01-06T00:08:11.737006
83754e53-0746-4e3e-ae1e-58824912aee4,30b45a64-a08e-4efc-a46e-0c05ed07e836,e3dd8d6d-a5c0-4cfc-ac64-ddcb13e9e19a,2.5,1.5,3.0,0.0,2026-01-06T00:08:11.738008,2026-01-06T00:08:11.738008,2026-01-06T00:08:11.738008
36db2eb4-a08d-4549-9297-4e24764be383,4e16fa37-1671-4270-b6a5-77444396f409,e3dd8d6d-a5c0-4cfc-ac64-ddcb13e9e19a,2.0,2.0,0.0,3.0,2026-01-06T00:08:11.738008,2026-01-06T00:08:11.738008,2026-01-06T00:08:11.738008
8735ec73-4e2b-48db-8737-48af57a2c712,2f7bcdde-d24f-465e-8391-d96d7c2f39d2,e3dd8d6d-a5c0-4cfc-ac64-ddcb13e9e19a,3.0,1.0,3.0,0.0,2026-01-06T00:08:11.738008,2026-01-06T00:08:11.738008,2026-01-06T00:08:11.738008
d047ac13-977c-4094-a4a9-404315c173e9,5b351dc1-1b67-445e-8cb4-acb9640ba18d,e3dd8d6d-a5c0-4cfc-ac64-ddcb13e9e19a,1.0,3.0,0.0,3.0,2026-01-06T00:08:11.738008,2026-01-06T00:08:11.738008,2026-01-06T00:08:11.738008
a270a957-e82a-4d38-9eb3-cbd4af06b65d,608314ec-0874-4c5f-8501-909417090022,e3dd8d6d-a5c0-4cfc-ac64-ddcb13e9e19a,3.0,1.0,3.0,0.0,2026-01-06T00:08:11.739478,2026-01-06T00:08:11.739478,2026-01-06T00:08:11.739478
f547469c-d55f-4bc1-a43f-96c06996f82e,e64347ea-caa8-4e92-89c6-d47de40235d4,e3dd8d6d-a5c0-4cfc-ac64-ddcb13e9e19a,1.0,3.0,0.0,3.0,2026-01-06T00:08:11.739478,2026-01-06T00:08:11.739478,2026-01-06T00:08:11.739478
5166c386-b2f7-444c-acd8-6efcd29a929f,162fd9ba-198c-4e8a-8ef3-942e49fe4655,e3dd8d6d-a5c0-4cfc-ac64-ddcb13e9e19a,2.0,2.0,0.0,3.0,2026-01-06T00:08:11.739478,2026-01-06T00:08:11.739478,2026-01-06T00:08:11.739478
2604ba96-04c1-4d68-bcab-1cc9db719b93,d52965a0-794b-4ae0-9a4f-b73a0fa71029,e3dd8d6d-a5c0-4cfc-ac64-ddcb13e9e19a,4.0,0.0,3.0,0.0,2026-01-06T00:08:11.739478,2026-01-06T00:08:11.739478,2026-01-06T00:08:11.739478
26a63bc5-4ce7-4e8d-84f4-e67682913f28,e6d21f04-9f05-4024-8b3a-6989fc29a5e0,e3dd8d6d-a5c0-4cfc-ac64-ddcb13e9e19a,2.5,1.5,3.0,0.0,2026-01-06T00:08:11.740628,2026-01-06T00:08:11.740628,2026-01-06T00:08:11.740628
ab232c5b-8680-4a69-a797-104c954f1130,ca8759a2-d340-471d-88e3-79e47fc3547b,e3dd8d6d-a5c0-4cfc-ac64-ddcb13e9e19a,3.0,1.0,0.0,3.0,2026-01-06T00:08:11.740628,2026-01-06T00:08:11.740628,2026-01-06T00:08:11.740628
d89363e0-7732-4de9-8b35-bb1962982769,ed0d6fda-1be9-4ec0-9318-ad90add84436,e3dd8d6d-a5c0-4cfc-ac64-ddcb13e9e19a,3.0,1.0,3.0,0.0,2026-01-06T00:08:11.740628,2026-01-06T00:08:11.740628,2026-01-06T00:08:11.740628
01111553-ab90-4928-8c7b-e7910ee4ad18,5f7ad42f-e817-4c04-b625-25c9701b33c5,e3dd8d6d-a5c0-4cfc-ac64-ddcb13e9e19a,3.0,1.0,3.0,0.0,2026-01-06T00:08:11.740628,2026-01-06T00:08:11.740628,2026-01-06T00:08:11.740628
3140a6be-05ce-403f-b389-af65d7fadbef,f4dab18b-459f-4d77-8bb6-65107629ac78,e3dd8d6d-a5c0-4cfc-ac64-ddcb13e9e19a,1.0,3.0,0.0,3.0,2026-01-06T00:08:11.741772,2026-01-06T00:08:11.741772,2026-01-06T00:08:11.741772
344890da-2c54-44dd-b4a9-48ddb3d033bd,a6320be8-b197-4096-9f0d-b1e48957dee2,e3dd8d6d-a5c0-4cfc-ac64-ddcb13e9e19a,1.0,3.0,0.0,3.0,2026-01-06T00:08:11.741772,2026-01-06T00:08:11.741772,2026-01-06T00:08:11.741772
0f68e024-8519-41ea-bea3-0ff2b3dfcc77,0ac698bb-7a5f-452e-bd69-0f9d04c56892,e3dd8d6d-a5c0-4cfc-ac64-ddcb13e9e19a,2.0,2.0,3.0,0.0,2026-01-06T00:08:11.741772,2026-01-06T00:08:11.741772,2026-01-06T00:08:11.741772
12cd189f-d98e-4f20-bfc7-723e7a58a51e,0623a592-5b8d-402c-b1f9-563857eb581b,e3dd8d6d-a5c0-4cfc-ac64-ddcb13e9e19a,0.0,4.0,0.0,3.0,2026-01-06T00:08:11.741772,2026-01-06T00:08:11.741772,2026-01-06T00:08:11.741772
47ff322a-af33-4be8-8a20-6424242252a3,01734c81-851f-4825-ade8-96e68b388030,e3dd8d6d-a5c0-4cfc-ac64-ddcb13e9e19a,3.0,1.0,3.0,0.0,2026-01-06T00:08:11.742775,2026-01-06T00:08:11.742775,2026-01-06T00:08:11.742775
2632cd20-6953-4ea4-bd84-2e4887d9a3e4,053ce728-954f-444b-8f7e-7845651b141c,e3dd8d6d-a5c0-4cfc-ac64-ddcb13e9e19a,1.0,3.0,0.0,3.0,2026-01-06T00:08:11.742775,2026-01-06T00:08:11.742775,2026-01-06T00:08:11.742775
4c00d53f-d697-4c38-939a-0500dea7085c,da978051-7ab4-429e-9a2c-54b9b4ac18a3,e3dd8d6d-a5c0-4cfc-ac64-ddcb13e9e19a,0.0,4.0,0.0,3.0,2026-01-06T00:08:11.742775,2026-01-06T00:08:11.742775,2026-01-06T00:08:11.742775
40405106-b83f-4449-9c7a-48ccbf9c32ec,9b7d9866-68ec-4dd6-9ba5-5699da1e5e7e,e3dd8d6d-a5c0-4cfc-ac64-ddcb13e9e19a,2.0,2.0,0.0,3.0,2026-01-06T00:08:11.742775,2026-01-06T00:08:11.742775,2026-01-06T00:08:11.742775
b52b5cc8-1e36-4938-a3d4-93743bbc0e9e,57d6adfb-53aa-466f-8d78-09512dcc506e,e3dd8d6d-a5c0-4cfc-ac64-ddcb13e9e19a,2.0,2.0,3.0,0.0,2026-01-06T00:08:11.742775,2026-01-06T00:08:11.742775,2026-01-06T00:08:11.742775
73dcf9ac-33ab-46b2-8805-a4265757126a,9a6ee683-8696-4836-bf6a-68525d34c325,e3dd8d6d-a5c0-4cfc-ac64-ddcb13e9e19a,1.0,3.0,3.0,0.0,2026-01-06T00:08:11.742775,2026-01-06T00:08:11.742775,2026-01-06T00:08:11.742775
d51c0f78-ab90-48fe-b0ea-9a48d618ef86,27d2abf8-274b-4d40-b79c-344fbb5d33ac,e3dd8d6d-a5c0-4cfc-ac64-ddcb13e9e19a,2.0,2.0,0.0,3.0,2026-01-06T00:08:11.743792,2026-01-06T00:08:11.743792,2026-01-06T00:08:11.743792
8b8acd1a-4404-4b77-b0c2-a0cafb7952d4,087d72e0-b65a-426a-a485-1b57187e852d,e3dd8d6d-a5c0-4cfc-ac64-ddcb13e9e19a,2.0,2.0,3.0,0.0,2026-01-06T00:08:11.743792,2026-01-06T00:08:11.743792,2026-01-06T00:08:11.743792
03e33730-d3f9-4533-8d90-0139d7d1eddf,ce357857-072a-4e71-a596-ec648a6df1ac,e3dd8d6d-a5c0-4cfc-ac64-ddcb13e9e19a,2.0,2.0,3.0,0.0,2026-01-06T00:08:11.743792,2026-01-06T00:08:11.743792,2026-01-06T00:08:11.743792
10c6172c-f9ff-4982-aa71-16dcdd3b7982,c017d5f3-1a8f-4027-8db9-8d7047de3ffc,e3dd8d6d-a5c0-4cfc-ac64-ddcb13e9e19a,3.0,1.0,3.0,0.0,2026-01-06T00:08:11.743792,2026-01-06T00:08:11.743792,2026-01-06T00:08:11.743792
2b97010e-7a61-433c-b371-0e7b40e56b52,53d1c37f-3bd1-42db-9015-0462e2896abe,e3dd8d6d-a5c0-4cfc-ac64-ddcb13e9e19a,2.0,2.0,0.0,3.0,2026-01-06T00:08:11.744794,2026-01-06T00:08:11.744794,2026-01-06T00:08:11.744794
650539f8-7411-49a2-bc40-5e8858740ba9,50981605-41a4-4d96-b7c0-c93533fc8e97,e3dd8d6d-a5c0-4cfc-ac64-ddcb13e9e19a,1.0,3.0,0.0,3.0,2026-01-06T00:08:11.744794,2026-01-06T00:08:11.744794,2026-01-06T00:08:11.744794
84ef614f-32a0-4f7e-8d24-45d7af65c786,5bd13844-ab18-4f20-a486-b003e207f78d,e3dd8d6d-a5c0-4cfc-ac64-ddcb13e9e19a,2.0,2.0,3.0,0.0,2026-01-06T00:08:11.744794,2026-01-06T00:08:11.744794,2026-01-06T00:08:11.744794
deaffa10-2111-43b8-85b5-8a7bce6f531d,7b8a45ca-2d55-40ca-a3d2-bbc837392b6d,e3dd8d6d-a5c0-4cfc-ac64-ddcb13e9e19a,1.0,3.0,0.0,3.0,2026-01-06T00:08:11.744794,2026-01-06T00:08:11.744794,2026-01-06T00:08:11.744794
484c5313-c9c7-48d2-9ec7-68bfd578633c,04e89a3e-2e7a-4185-aaf2-670eac76807e,e3dd8d6d-a5c0-4cfc-ac64-ddcb13e9e19a,1.0,3.0,0.0,3.0,2026-01-06T00:08:11.744794,2026-01-06T00:08:11.744794,2026-01-06T00:08:11.744794
3cfc38cb-70b9-47bb-9044-f9ee36f54118,7c9af41e-d567-4158-9a85-3acc3ec91af2,e3dd8d6d-a5c0-4cfc-ac64-ddcb13e9e19a,1.0,3.0,0.0,3.0,2026-01-06T00:08:11.744794,2026-01-06T00:08:11.744794,2026-01-06T00:08:11.744794
5eff92c7-a640-4c8e-a146-216e49265dd5,45f5b314-9941-4b2f-922f-537a61568694,e3dd8d6d-a5c0-4cfc-ac64-ddcb13e9e19a,2.0,2.0,0.0,3.0,2026-01-06T00:08:11.745797,2026-01-06T00:08:11.745797,2026-01-06T00:08:11.745797
7397db04-8800-48b8-b12a-8b6a6b2cba28,81310bfe-1b3d-474a-ad3e-bace32dcbc8e,e3dd8d6d-a5c0-4cfc-ac64-ddcb13e9e19a,2.0,2.0,0.0,3.0,2026-01-06T00:08:11.745797,2026-01-06T00:08:11.745797,2026-01-06T00:08:11.745797
93b1d90c-509d-48cc-a22d-c241e4c26c6d,93264785-d04c-4c73-a1ab-b8956ae8a9d7,e3dd8d6d-a5c0-4cfc-ac64-ddcb13e9e19a,3.0,1.0,3.0,0.0,2026-01-06T00:08:11.745797,2026-01-06T00:08:11.745797,2026-01-06T00:08:11.745797
c95889b7-42b9-4265-9a7a-4f6fa0af56e5,90ebc024-3920-43d6-a3b2-07c95b54fa58,e3dd8d6d-a5c0-4cfc-ac64-ddcb13e9e19a,2.0,2.0,0.0,3.0,2026-01-06T00:08:11.745797,2026-01-06T00:08:11.745797,2026-01-06T00:08:11.745797
ee377749-e86a-4856-aacc-4db7e0368775,c217f2ab-0a8e-4b01-a89e-6bdf2657c47b,e3dd8d6d-a5c0-4cfc-ac64-ddcb13e9e19a,2.0,2.0,3.0,0.0,2026-01-06T00:08:11.745797,2026-01-06T00:08:11.745797,2026-01-06T00:08:11.745797
3a97ec96-102e-4b54-aeb4-5d709838d151,7d9759d9-bb85-4701-bcb0-9fe0478d87b3,e3dd8d6d-a5c0-4cfc-ac64-ddcb13e9e19a,4.0,0.0,3.0,0.0,2026-01-06T00:08:11.745797,2026-01-06T00:08:11.745797,2026-01-06T00:08:11.745797
a44eb4b6-6a6d-4301-b759-687f9d1397cf,3c97990d-42c2-4e5c-a360-12bab0e518b5,e3dd8d6d-a5c0-4cfc-ac64-ddcb13e9e19a,2.0,2.0,3.0,0.0,2026-01-06T00:08:11.745797,2026-01-06T00:08:11.745797,2026-01-06T00:08:11.745797
564e0a7b-6399-49ce-ad74-10ef8cff1a62,a977348b-ad84-4a36-8ee0-e486f7894e60,e3dd8d6d-a5c0-4cfc-ac64-ddcb13e9e19a,4.0,0.0,3.0,0.0,2026-01-06T00:08:11.745797,2026-01-06T00:08:11.745797,2026-01-06T00:08:11.745797
6a5a5661-a8ab-4404-b325-e8748527cf83,8d3b41a4-e4fe-41a4-a3d9-af4cb0425f6c,e3dd8d6d-a5c0-4cfc-ac64-ddcb13e9e19a,3.0,1.0,3.0,0.0,2026-01-06T00:08:11.747126,2026-01-06T00:08:11.747126,2026-01-06T00:08:11.747126
88bbe5cc-a2f4-49d4-a8e4-16f990a49af7,772d6c51-718c-4a11-9833-b067b04c1d81,e3dd8d6d-a5c0-4cfc-ac64-ddcb13e9e19a,3.0,1.0,3.0,0.0,2026-01-06T00:08:11.747126,2026-01-06T00:08:11.747126,2026-01-06T00:08:11.747126
e95e92f4-5be9-4d15-bb6e-531df6545dd6,b77e0fd2-a9aa-4c1e-afe4-5aa44a434815,e3dd8d6d-a5c0-4cfc-ac64-ddcb13e9e19a,2.0,2.0,0.0,3.0,2026-01-06T00:08:11.747126,2026-01-06T00:08:11.747126,2026-01-06T00:08:11.747126
704a940d-a30a-491e-afc8-8b2b1f179d5e,08706617-af53-4a83-b943-911db6e9500e,e3dd8d6d-a5c0-4cfc-ac64-ddcb13e9e19a,1.0,3.0,0.0,3.0,2026-01-06T00:08:11.748129,2026-01-06T00:08:11.748129,2026-01-06T00:08:11.748129
ae28a7ea-1af4-4f84-8be4-341817d4d6d9,11b7bb9d-39c1-4ee0-b437-30098c8a83f0,e3dd8d6d-a5c0-4cfc-ac64-ddcb13e9e19a,0.0,4.0,0.0,3.0,2026-01-06T00:08:11.748129,2026-01-06T00:08:11.748129,2026-01-06T00:08:11.748129
5d2a4261-b9e0-4f3e-aefe-a9fd7f99d835,a83a756b-1962-4576-9606-a7dc17633277,e3dd8d6d-a5c0-4cfc-ac64-ddcb13e9e19a,3.0,1.0,3.0,0.0,2026-01-06T00:08:11.748129,2026-01-06T00:08:11.748129,2026-01-06T00:08:11.748129
6422f258-1e9e-419a-bbbe-18ef9aa600a5,68951056-eef6-457a-b823-f46c6c8457b7,e3dd8d6d-a5c0-4cfc-ac64-ddcb13e9e19a,4.0,0.0,3.0,0.0,2026-01-06T00:08:11.748129,2026-01-06T00:08:11.748129,2026-01-06T00:08:11.748129
2ef89aff-f54c-4831-9046-174ca875dce3,971eb94d-2845-4d93-841a-b88e6bea0a4e,e3dd8d6d-a5c0-4cfc-ac64-ddcb13e9e19a,3.0,1.0,0.0,3.0,2026-01-06T00:08:11.748129,2026-01-06T00:08:11.748129,2026-01-06T00:08:11.748129
02153291-ab0a-4af1-acb4-a1b294451193,9626dcdb-895d-4a00-9c7c-f65ff4d350a5,e3dd8d6d-a5c0-4cfc-ac64-ddcb13e9e19a,1.0,3.0,0.0,3.0,2026-01-06T00:08:11.748129,2026-01-06T00:08:11.748129,2026-01-06T00:08:11.748129
7977c3af-0953-4777-a915-7e8fd09dea24,e1334e1b-bff0-48a5-9034-68c89756e0a2,e3dd8d6d-a5c0-4cfc-ac64-ddcb13e9e19a,3.0,1.0,0.0,3.0,2026-01-06T00:08:11.749131,2026-01-06T00:08:11.749131,2026-01-06T00:08:11.749131
7f178c59-420f-4fcb-90b0-d9db597f2acd,4edeeaf6-5388-4584-8239-0c6f088b17ff,e3dd8d6d-a5c0-4cfc-ac64-ddcb13e9e19a,1.5,2.5,0.0,3.0,2026-01-06T00:08:11.749131,2026-01-06T00:08:11.749131,2026-01-06T00:08:11.749131
799c8725-a629-497c-abc9-351e7c9832e9,93180be6-0731-4d2e-9ded-0b389970b2e2,e3dd8d6d-a5c0-4cfc-ac64-ddcb13e9e19a,1.0,3.0,0.0,3.0,2026-01-06T00:08:11.750134,2026-01-06T00:08:11.750134,2026-01-06T00:08:11.750134
05af66ff-f02a-466b-8917-f4cdf4384ea7,e736c440-33e0-4d76-90ca-e41c0969a3d0,e3dd8d6d-a5c0-4cfc-ac64-ddcb13e9e19a,3.0,1.0,3.0,0.0,2026-01-06T00:08:11.750134,2026-01-06T00:08:11.750134,2026-01-06T00:08:11.750134
6384f829-5459-4e2a-ae4a-7dc796b5a0a2,4999a412-9ff3-4e90-a70a-e2f07233039d,e3dd8d6d-a5c0-4cfc-ac64-ddcb13e9e19a,1.0,3.0,0.0,3.0,2026-01-06T00:08:11.750134,2026-01-06T00:08:11.750134,2026-01-06T00:08:11.750134
2d2fd6ca-93d0-40e4-9ebb-47230bd0161d,91d3155c-3e3b-443d-ac5d-165e12552a40,e3dd8d6d-a5c0-4cfc-ac64-ddcb13e9e19a,1.0,3.0,0.0,3.0,2026-01-06T00:08:11.750134,2026-01-06T00:08:11.750134,2026-01-06T00:08:11.750134
5f1fd444-0772-4e60-a278-e3b534532d60,02f65747-f101-459e-8b92-2c2042df7a91,e3dd8d6d-a5c0-4cfc-ac64-ddcb13e9e19a,2.0,2.0,3.0,0.0,2026-01-06T00:08:11.750134,2026-01-06T00:08:11.750134,2026-01-06T00:08:11.750134
99a139a4-cb79-4eac-90c4-f2c0c7ed4963,7955c974-0eaa-405d-bf8b-0d65c72d75c6,e3dd8d6d-a5c0-4cfc-ac64-ddcb13e9e19a,3.0,1.0,3.0,0.0,2026-01-06T00:08:11.751210,2026-01-06T00:08:11.751210,2026-01-06T00:08:11.751210
5c342594-c9e2-42c5-b5ea-2888c29f5c05,a704689c-eca3-4484-998a-8bb169d308a8,e3dd8d6d-a5c0-4cfc-ac64-ddcb13e9e19a,1.0,3.0,0.0,3.0,2026-01-06T00:08:11.751210,2026-01-06T00:08:11.751210,2026-01-06T00:08:11.751210
5a33034f-ad0f-4227-8e2b-dfde938f25fc,faefa374-ca14-4d91-8a4d-5d42d1e4976f,e3dd8d6d-a5c0-4cfc-ac64-ddcb13e9e19a,3.0,1.0,3.0,0.0,2026-01-06T00:08:11.751210,2026-01-06T00:08:11.751210,2026-01-06T00:08:11.751210
ee135d05-124b-4e48-8632-da1547cc3aec,cf7d7e61-bc37-481b-8187-3c836fa4d0a8,e3dd8d6d-a5c0-4cfc-ac64-ddcb13e9e19a,0.0,4.0,0.0,3.0,2026-01-06T00:08:11.751210,2026-01-06T00:08:11.751210,2026-01-06T00:08:11.751210
bdfbd095-acf4-4f13-8fb6-b52b1a46b635,8b875132-2b12-4f55-a891-df49b69bdcfb,e3dd8d6d-a5c0-4cfc-ac64-ddcb13e9e19a,2.0,2.0,0.0,3.0,2026-01-06T00:08:11.752214,2026-01-06T00:08:11.752214,2026-01-06T00:08:11.752214
bf7f368b-fb3d-4698-bc33-0f4a8cc22c43,06d9c52a-0acd-4251-8945-b66acf4db1e9,e3dd8d6d-a5c0-4cfc-ac64-ddcb13e9e19a,3.0,1.0,3.0,0.0,2026-01-06T00:08:11.752214,2026-01-06T00:08:11.752214,2026-01-06T00:08:11.752214
24585554-0927-46ad-8165-3fc9b2636965,5b396462-632d-4503-9f8d-d6e093cc574b,e3dd8d6d-a5c0-4cfc-ac64-ddcb13e9e19a,4.0,0.0,3.0,0.0,2026-01-06T00:08:11.752214,2026-01-06T00:08:11.752214,2026-01-06T00:08:11.752214
f60534c7-6fdc-410e-8410-db782d600cc7,4eeb08d1-e229-4f58-af01-8a53f2970fbf,e3dd8d6d-a5c0-4cfc-ac64-ddcb13e9e19a,4.0,0.0,3.0,0.0,2026-01-06T00:08:11.752214,2026-01-06T00:08:11.752214,2026-01-06T00:08:11.752214
ca462923-d748-4938-9f20-f4e678290b6f,b73f15ce-60b8-4f61-a4b9-02ef74844e19,e3dd8d6d-a5c0-4cfc-ac64-ddcb13e9e19a,4.0,0.0,3.0,0.0,2026-01-06T00:08:11.752214,2026-01-06T00:08:11.752214,2026-01-06T00:08:11.752214
87e90268-2071-4787-a2ce-1758daa1a2e3,795c6398-428f-421c-aa31-8a8af0964a91,e3dd8d6d-a5c0-4cfc-ac64-ddcb13e9e19a,1.0,3.0,0.0,3.0,2026-01-06T00:08:11.753216,2026-01-06T00:08:11.753216,2026-01-06T00:08:11.753216
0452c62e-2ca5-4318-a353-06d954e9180d,b7064208-85c2-4971-b855-0b977479423d,e3dd8d6d-a5c0-4cfc-ac64-ddcb13e9e19a,2.0,2.0,3.0,0.0,2026-01-06T00:08:11.753216,2026-01-06T00:08:11.753216,2026-01-06T00:08:11.753216
823974b6-083e-4bf5-a90e-21395bf9b9b5,49691051-3a3b-4e57-baca-87daa44788f8,e3dd8d6d-a5c0-4cfc-ac64-ddcb13e9e19a,2.0,2.0,3.0,0.0,2026-01-06T00:08:11.753216,2026-01-06T00:08:11.753216,2026-01-06T00:08:11.753216
0a82a04a-5a8b-481f-8d03-6eb2468f0141,f1e187ee-f6ad-4816-b0dc-67666e21b481,e3dd8d6d-a5c0-4cfc-ac64-ddcb13e9e19a,3.0,1.0,3.0,0.0,2026-01-06T00:08:11.753216,2026-01-06T00:08:11.753216,2026-01-06T00:08:11.753216
a34bf030-2a6d-4426-9d77-6129994b74c2,faf97d43-8b5e-4ba9-9690-e85892b3a7ea,e3dd8d6d-a5c0-4cfc-ac64-ddcb13e9e19a,3.0,1.0,3.0,0.0,2026-01-06T00:08:11.753216,2026-01-06T00:08:11.753216,2026-01-06T00:08:11.753216
50ab93b6-1e1e-4504-8628-f3bac410e6d7,ab05faf0-be46-45e1-b07d-5ca2d07c940e,e3dd8d6d-a5c0-4cfc-ac64-ddcb13e9e19a,3.0,1.0,3.0,0.0,2026-01-06T00:08:11.754219,2026-01-06T00:08:11.754219,2026-01-06T00:08:11.754219
c025c8e3-69b5-4640-a288-6cd435f7a28f,53933aa6-d283-43e3-b2db-b3dfa4575a2b,e3dd8d6d-a5c0-4cfc-ac64-ddcb13e9e19a,4.0,0.0,3.0,0.0,2026-01-06T00:08:11.754219,2026-01-06T00:08:11.754219,2026-01-06T00:08:11.754219
65cf6d55-e588-4933-99e5-2de6a3ab05d0,e7c8bfb7-bb41-4509-8d28-8e0c1f62b85a,e3dd8d6d-a5c0-4cfc-ac64-ddcb13e9e19a,2.0,2.0,3.0,0.0,2026-01-06T00:08:11.754219,2026-01-06T00:08:11.754219,2026-01-06T00:08:11.754219
eb3d1a77-6708-4f61-a532-20128b7505bc,1d2cb866-f427-4783-9a72-c76ca9622cbf,e3dd8d6d-a5c0-4cfc-ac64-ddcb13e9e19a,1.0,3.0,0.0,3.0,2026-01-06T00:08:11.754219,2026-01-06T00:08:11.754219,2026-01-06T00:08:11.754219
72ea5380-c81f-445d-a4b0-4e1a65ddc38e,dc1cd3ed-294a-4856-a71a-c842a1f90c21,e3dd8d6d-a5c0-4cfc-ac64-ddcb13e9e19a,2.0,2.0,3.0,0.0,2026-01-06T00:08:11.755222,2026-01-06T00:08:11.755222,2026-01-06T00:08:11.755222
8b1b8666-cdfb-47cd-a685-bc61babfb181,27462e97-5d8f-45bb-a719-d2eba8317a14,e3dd8d6d-a5c0-4cfc-ac64-ddcb13e9e19a,3.0,1.0,3.0,0.0,2026-01-06T00:08:11.755222,2026-01-06T00:08:11.755222,2026-01-06T00:08:11.755222
ee95275e-8a53-4dd3-9b5a-f60e3da9adbe,7f72c153-023a-408b-a324-e6d834ddf67d,e3dd8d6d-a5c0-4cfc-ac64-ddcb13e9e19a,3.0,1.0,3.0,0.0,2026-01-06T00:08:11.755222,2026-01-06T00:08:11.755222,2026-01-06T00:08:11.755222
431ee40c-2b84-448f-b87e-960807bf78d6,4c49d253-0270-4768-9cd8-19e95253893c,e3dd8d6d-a5c0-4cfc-ac64-ddcb13e9e19a,2.0,2.0,3.0,0.0,2026-01-06T00:08:11.756224,2026-01-06T00:08:11.756224,2026-01-06T00:08:11.756224
e2ae44a4-72d2-40d6-b50e-edaa3f49a2f6,1bdbf79f-6d6b-4aad-86ea-acbeb3295a06,e3dd8d6d-a5c0-4cfc-ac64-ddcb13e9e19a,3.0,1.0,3.0,0.0,2026-01-06T00:08:11.756224,2026-01-06T00:08:11.756224,2026-01-06T00:08:11.756224
ca5f4fe8-c5dd-40c1-8f6a-395fb5d9ad32,1c6e20c6-e736-43fe-a23a-e8f233fbac8a,e3dd8d6d-a5c0-4cfc-ac64-ddcb13e9e19a,1.0,3.0,3.0,0.0,2026-01-06T00:08:11.756224,2026-01-06T00:08:11.756224,2026-01-06T00:08:11.756224
ccb64446-437e-4910-8a94-076cd98b85b1,df98ebb1-5ed3-49c3-a282-45eff517197c,e3dd8d6d-a5c0-4cfc-ac64-ddcb13e9e19a,3.0,1.0,3.0,0.0,2026-01-06T00:08:11.756224,2026-01-06T00:08:11.756224,2026-01-06T00:08:11.756224
dbb3da98-3a73-48f0-aa00-e238da65299b,c3d20f41-208b-48ac-9a40-53834dc6d1f1,e3dd8d6d-a5c0-4cfc-ac64-ddcb13e9e19a,2.0,2.0,0.0,3.0,2026-01-06T00:08:11.756224,2026-01-06T00:08:11.756224,2026-01-06T00:08:11.756224
c3f3418c-7798-42c1-bd47-5d62cf7780e2,71197b6a-b8d6-4c1e-9ee8-d344cdf9fa80,e3dd8d6d-a5c0-4cfc-ac64-ddcb13e9e19a,2.0,2.0,3.0,0.0,2026-01-06T00:08:11.757228,2026-01-06T00:08:11.757228,2026-01-06T00:08:11.757228
e3e4533b-fb85-44b5-883c-797617634b92,2bd4c411-ff4a-4366-aa3b-069d2bdf62e9,e3dd8d6d-a5c0-4cfc-ac64-ddcb13e9e19a,3.0,1.0,3.0,0.0,2026-01-06T00:08:11.757228,2026-01-06T00:08:11.757228,2026-01-06T00:08:11.757228
fac9f49d-0d7d-43b2-b274-f041fa4dad15,4725191d-3d1c-4c8a-adaa-79e5a2d2bbdf,e3dd8d6d-a5c0-4cfc-ac64-ddcb13e9e19a,1.0,3.0,3.0,0.0,2026-01-06T00:08:11.757228,2026-01-06T00:08:11.757228,2026-01-06T00:08:11.757228
87b7bc5d-4b87-4c7f-ba65-13b2904ac037,f905bebf-6cf8-4b84-bc0c-cb040fdcae4a,e3dd8d6d-a5c0-4cfc-ac64-ddcb13e9e19a,2.0,2.0,3.0,0.0,2026-01-06T00:08:11.757228,2026-01-06T00:08:11.757228,2026-01-06T00:08:11.757228
b8fedf3c-f2ce-4cf9-aee6-53acc3907d8d,c8792977-2b5e-40e7-b061-8c7c97f8aa8d,e3dd8d6d-a5c0-4cfc-ac64-ddcb13e9e19a,3.0,1.0,3.0,0.0,2026-01-06T00:08:11.758230,2026-01-06T00:08:11.758230,2026-01-06T00:08:11.758230
92c68315-23eb-4d9d-9168-b683dd44f805,8ca5c4ae-3a0b-4b38-8903-0062837afaa1,e3dd8d6d-a5c0-4cfc-ac64-ddcb13e9e19a,3.0,1.0,3.0,0.0,2026-01-06T00:08:11.758230,2026-01-06T00:08:11.758230,2026-01-06T00:08:11.758230
aa98d0cf-bb8b-42c8-aee0-598c3cd93a28,e1544443-67e4-46be-8300-6c43ab4a58f0,e3dd8d6d-a5c0-4cfc-ac64-ddcb13e9e19a,4.0,0.0,3.0,0.0,2026-01-06T00:08:11.758230,2026-01-06T00:08:11.758230,2026-01-06T00:08:11.758230
05a62e57-6c96-4693-bc98-a3f1f5aaaabf,584cfd73-3a8d-4c69-8bec-c16cd300f0ef,e3dd8d6d-a5c0-4cfc-ac64-ddcb13e9e19a,1.0,3.0,0.0,3.0,2026-01-06T00:08:11.759233,2026-01-06T00:08:11.759233,2026-01-06T00:08:11.759233
3f83b525-882e-42f4-96a6-24072122bad7,63b6430f-7a90-4ed2-b541-38e2da2f7453,e3dd8d6d-a5c0-4cfc-ac64-ddcb13e9e19a,0.0,4.0,0.0,3.0,2026-01-06T00:08:11.759233,2026-01-06T00:08:11.759233,2026-01-06T00:08:11.759233
b902466b-5b36-4d87-8c02-c66cc23157fb,818ee84f-ca91-4029-8ad4-862e357e3e0b,e3dd8d6d-a5c0-4cfc-ac64-ddcb13e9e19a,3.0,1.0,3.0,0.0,2026-01-06T00:08:11.759233,2026-01-06T00:08:11.759233,2026-01-06T00:08:11.759233
d40b5069-a90f-431b-9085-0227c5ec4046,96f1f7db-ff5a-432b-afae-e165e2bf1f2c,e3dd8d6d-a5c0-4cfc-ac64-ddcb13e9e19a,2.0,2.0,3.0,0.0,2026-01-06T00:08:11.759233,2026-01-06T00:08:11.759233,2026-01-06T00:08:11.759233
70ce0052-b6b6-40a4-90ce-34cc3b3c7f35,a658b73a-a12a-470c-a6d3-4136b4b92292,e3dd8d6d-a5c0-4cfc-ac64-ddcb13e9e19a,2.5,1.5,3.0,0.0,2026-01-06T00:08:11.759233,2026-01-06T00:08:11.759233,2026-01-06T00:08:11.759233
a4d85963-c08d-4d01-ad15-68f6da4e1407,d9c2a654-38d8-4f41-b0c1-67680cfd712b,e3dd8d6d-a5c0-4cfc-ac64-ddcb13e9e19a,1.0,3.0,0.0,3.0,2026-01-06T00:08:11.759233,2026-01-06T00:08:11.759233,2026-01-06T00:08:11.759233
cbe15829-ceba-4267-b403-1c8735986084,ccb8661e-5bfa-4b28-aa38-2c52df0a4bc2,e3dd8d6d-a5c0-4cfc-ac64-ddcb13e9e19a,4.0,0.0,3.0,0.0,2026-01-06T00:08:11.760235,2026-01-06T00:08:11.760235,2026-01-06T00:08:11.760235
e6863567-731c-424c-a703-4175f64d0315,1c55fc96-8b2e-41be-a14d-094929d57576,e3dd8d6d-a5c0-4cfc-ac64-ddcb13e9e19a,2.0,2.0,3.0,0.0,2026-01-06T00:08:11.760235,2026-01-06T00:08:11.760235,2026-01-06T00:08:11.760235
fbb18bbd-d3d7-492d-bca8-d4f4d52f171d,643f5ca9-2e55-4843-a784-ef1025b85acb,e3dd8d6d-a5c0-4cfc-ac64-ddcb13e9e19a,2.0,2.0,3.0,0.0,2026-01-06T00:08:11.760235,2026-01-06T00:08:11.760235,2026-01-06T00:08:11.760235
543441a1-c300-4120-ba56-056856d01012,ddaf574e-5277-41a0-9d72-e81723e7f085,e3dd8d6d-a5c0-4cfc-ac64-ddcb13e9e19a,3.0,1.0,3.0,0.0,2026-01-06T00:08:11.760235,2026-01-06T00:08:11.760235,2026-01-06T00:08:11.760235
d866216f-4290-46fc-89ef-38f9f6b9b273,1c47ea45-fafb-4a1c-9b7e-6c11781d0f20,e3dd8d6d-a5c0-4cfc-ac64-ddcb13e9e19a,0.0,4.0,0.0,3.0,2026-01-06T00:08:11.760235,2026-01-06T00:08:11.760235,2026-01-06T00:08:11.760235
9c2054d8-bdda-471c-8b90-526811fed2c1,f779104a-c9cc-4a47-9cd2-cf6daa297867,e3dd8d6d-a5c0-4cfc-ac64-ddcb13e9e19a,3.5,0.5,3.0,0.0,2026-01-06T00:08:11.761237,2026-01-06T00:08:11.761237,2026-01-06T00:08:11.761237
d4d8aeea-c09e-48ad-a3e9-2cadab7573ad,ca1fe866-e195-4356-82e6-bb3849412f59,e3dd8d6d-a5c0-4cfc-ac64-ddcb13e9e19a,1.0,3.0,0.0,3.0,2026-01-06T00:08:11.761237,2026-01-06T00:08:11.761237,2026-01-06T00:08:11.761237
d4963fa3-aeaa-4d68-b2f8-91cf78198d18,41e8cd71-1d53-41e0-b135-ca21a5f19aa7,e3dd8d6d-a5c0-4cfc-ac64-ddcb13e9e19a,2.0,2.0,3.0,0.0,2026-01-06T00:08:11.761237,2026-01-06T00:08:11.761237,2026-01-06T00:08:11.761237
4dd021fe-0b13-46d3-8625-dd3984f6a44b,5a8cbf15-1d64-4391-a7b8-10c4d4ee24ca,e3dd8d6d-a5c0-4cfc-ac64-ddcb13e9e19a,3.0,1.0,3.0,0.0,2026-01-06T00:08:11.761237,2026-01-06T00:08:11.761237,2026-01-06T00:08:11.761237
279dac57-82bd-496d-9e97-0c1f2753501b,ea576168-81ec-4e6f-bea4-cbd10bada652,e3dd8d6d-a5c0-4cfc-ac64-ddcb13e9e19a,2.0,2.0,0.0,3.0,2026-01-06T00:08:11.762240,2026-01-06T00:08:11.762240,2026-01-06T00:08:11.762240
0159b1ca-3882-43b0-b0fa-03d62a702fc1,c71b49e6-1a76-4d54-bda2-e4a2768f86f7,e3dd8d6d-a5c0-4cfc-ac64-ddcb13e9e19a,2.0,2.0,3.0,0.0,2026-01-06T00:08:11.762240,2026-01-06T00:08:11.762240,2026-01-06T00:08:11.762240
