id,event_id,round_number,match_number,team1_team_season_id,team2_team_season_id,team1_total_score,team2_total_score,status,created_at,updated_at
5b207b39-dad3-4100-bbbb-98d02b22e5f8,874df0a4-46c3-440b-b4fa-1c69473cf707,1,0,23146569-5ebf-42c1-b60b-454c16a5f991,7f60fb6b-f4d6-494f-b37e-8794b2064f75,854,777,completed,2026-01-12T15:01:57.384573,2026-01-12T15:01:57.384573
57544133-41ec-41f0-84dd-ccd420fedabb,874df0a4-46c3-440b-b4fa-1c69473cf707,1,1,77642bab-ae8f-46c4-860f-6dc3d675cd66,9cf5ba65-9845-4236-9a49-0fcb200e99fb,746,912,completed,2026-01-12T15:01:57.384573,2026-01-12T15:01:57.384573
39c8678c-f961-49d1-8df8-5e67bb9a9e5a,874df0a4-46c3-440b-b4fa-1c69473cf707,1,2,41ee80cc-e005-4a1c-8470-68fe797fd364,5d0c948b-5fc4-457e-98a4-d02a471b6cd1,888,721,completed,2026-01-12T15:01:57.384573,2026-01-12T15:01:57.384573
83298c24-d3da-4133-a960-b65b178406a1,874df0a4-46c3-440b-b4fa-1c69473cf707,1,3,2d4035b0-6277-4b83-a2b6-0fc3d1022901,53eab891-a2aa-4770-86fa-b39f22186186,753,732,completed,2026-01-12T15:01:57.384573,2026-01-12T15:01:57.384573
c1370116-f46f-49c6-b6db-ce32fd877c44,874df0a4-46c3-440b-b4fa-1c69473cf707,1,4,b30d1d3c-6e39-43a2-8c94-4ca5dba200f4,cd6f9d99-1e8c-4bdb-b6e2-24c4abe73476,876,729,completed,2026-01-12T15:01:57.384573,2026-01-12T15:01:57.384573
b0437c7c-8ff8-4dcb-ab65-f73bb29da5d2,874df0a4-46c3-440b-b4fa-1c69473cf707,2,0,53eab891-a2aa-4770-86fa-b39f22186186,7f60fb6b-f4d6-494f-b37e-8794b2064f75,846,765,completed,2026-01-12T15:01:57.384573,2026-01-12T15:01:57.384573
0021165e-0bfd-4d0f-8e77-e39df08370b6,874df0a4-46c3-440b-b4fa-1c69473cf707,2,1,41ee80cc-e005-4a1c-8470-68fe797fd364,9cf5ba65-9845-4236-9a49-0fcb200e99fb,767,781,completed,2026-01-12T15:01:57.384573,2026-01-12T15:01:57.384573
12584a6a-f0e2-44fc-b096-d11fed8ba689,874df0a4-46c3-440b-b4fa-1c69473cf707,2,2,23146569-5ebf-42c1-b60b-454c16a5f991,cd6f9d99-1e8c-4bdb-b6e2-24c4abe73476,844,732,completed,2026-01-12T15:01:57.384573,2026-01-12T15:01:57.384573
e747a362-06c9-4a65-b025-6cb46545a698,874df0a4-46c3-440b-b4fa-1c69473cf707,2,3,2d4035b0-6277-4b83-a2b6-0fc3d1022901,b30d1d3c-6e39-43a2-8c94-4ca5dba200f4,777,846,completed,2026-01-12T15:01:57.384573,2026-01-12T15:01:57.384573
90d2dad4-e727-459d-a031-7c5de01b194c,874df0a4-46c3-440b-b4fa-1c69473cf707,2,4,5d0c948b-5fc4-457e-98a4-d02a471b6cd1,77642bab-ae8f-46c4-860f-6dc3d675cd66,625,700,completed,2026-01-12T15:01:57.384573,2026-01-12T15:01:57.384573
0ddf9947-da54-418f-a910-abdc8c3c178e,874df0a4-46c3-440b-b4fa-1c69473cf707,3,0,77642bab-ae8f-46c4-860f-6dc3d675cd66,7f60fb6b-f4d6-494f-b37e-8794b2064f75,757,879,completed,2026-01-12T15:01:57.384573,2026-01-12T15:01:57.384573
58b0618c-0639-4f95-9e48-a51b17b4bd38,874df0a4-46c3-440b-b4fa-1c69473cf707,3,1,9cf5ba65-9845-4236-9a49-0fcb200e99fb,b30d1d3c-6e39-43a2-8c94-4ca5dba200f4,872,707,completed,2026-01-12T15:01:57.384573,2026-01-12T15:01:57.384573
54a24ef1-0f4d-42a3-a823-af5b3ba69f8f,874df0a4-46c3-440b-b4fa-1c69473cf707,3,2,23146569-5ebf-42c1-b60b-454c16a5f991,2d4035b0-6277-4b83-a2b6-0fc3d1022901,858,796,completed,2026-01-12T15:01:57.384573,2026-01-12T15:01:57.384573
a1ce044d-07a0-46d6-a2ed-2435932e90dc,874df0a4-46c3-440b-b4fa-1c69473cf707,3,3,41ee80cc-e005-4a1c-8470-68fe797fd364,53eab891-a2aa-4770-86fa-b39f22186186,879,745,completed,2026-01-12T15:01:57.384573,2026-01-12T15:01:57.384573
e84c4fd7-ec53-479a-b556-0bcd32908567,874df0a4-46c3-440b-b4fa-1c69473cf707,3,4,5d0c948b-5fc4-457e-98a4-d02a471b6cd1,cd6f9d99-1e8c-4bdb-b6e2-24c4abe73476,620,756,completed,2026-01-12T15:01:57.384573,2026-01-12T15:01:57.384573
2ca5fa61-02ed-4355-86b0-ad1e53c9745e,874df0a4-46c3-440b-b4fa-1c69473cf707,4,0,2d4035b0-6277-4b83-a2b6-0fc3d1022901,7f60fb6b-f4d6-494f-b37e-8794b2064f75,739,849,completed,2026-01-12T15:01:57.384573,2026-01-12T15:01:57.384573
3bb09384-c2ed-4a2b-be66-c60c0fc17a0f,874df0a4-46c3-440b-b4fa-1c69473cf707,4,1,5d0c948b-5fc4-457e-98a4-d02a471b6cd1,9cf5ba65-9845-4236-9a49-0fcb200e99fb,653,866,completed,2026-01-12T15:01:57.384573,2026-01-12T15:01:57.384573
3772dd41-22d6-4581-abef-ea6bf6cf4d38,874df0a4-46c3-440b-b4fa-1c69473cf707,4,2,23146569-5ebf-42c1-b60b-454c16a5f991,53eab891-a2aa-4770-86fa-b39f22186186,787,839,completed,2026-01-12T15:01:57.384573,2026-01-12T15:01:57.384573
bf10c99d-05a9-4ae0-a312-651e55dff0c4,874df0a4-46c3-440b-b4fa-1c69473cf707,4,3,41ee80cc-e005-4a1c-8470-68fe797fd364,cd6f9d99-1e8c-4bdb-b6e2-24c4abe73476,818,834,completed,2026-01-12T15:01:57.386012,2026-01-12T15:01:57.386012
390e7fcd-2de9-490f-9904-4d69b3f20b62,874df0a4-46c3-440b-b4fa-1c69473cf707,4,4,77642bab-ae8f-46c4-860f-6dc3d675cd66,b30d1d3c-6e39-43a2-8c94-4ca5dba200f4,795,764,completed,2026-01-12T15:01:57.386012,2026-01-12T15:01:57.386012
5b38d0e6-9a5d-4b80-bdab-0ddfddb9719d,874df0a4-46c3-440b-b4fa-1c69473cf707,5,0,7f60fb6b-f4d6-494f-b37e-8794b2064f75,cd6f9d99-1e8c-4bdb-b6e2-24c4abe73476,829,747,completed,2026-01-12T15:01:57.386012,2026-01-12T15:01:57.386012
6f8fa225-a4ec-4298-a2a9-164590fdf13c,874df0a4-46c3-440b-b4fa-1c69473cf707,5,1,23146569-5ebf-42c1-b60b-454c16a5f991,9cf5ba65-9845-4236-9a49-0fcb200e99fb,876,809,completed,2026-01-12T15:01:57.386012,2026-01-12T15:01:57.386012
54d25302-67d4-4642-88e7-dc7adc4ad1d4,874df0a4-46c3-440b-b4fa-1c69473cf707,5,2,41ee80cc-e005-4a1c-8470-68fe797fd364,77642bab-ae8f-46c4-860f-6dc3d675cd66,817,849,completed,2026-01-12T15:01:57.386012,2026-01-12T15:01:57.386012
4c819b53-581a-43fc-bb06-4f55608d51da,874df0a4-46c3-440b-b4fa-1c69473cf707,5,3,2d4035b0-6277-4b83-a2b6-0fc3d1022901,5d0c948b-5fc4-457e-98a4-d02a471b6cd1,766,680,completed,2026-01-12T15:01:57.386012,2026-01-12T15:01:57.386012
e48c645a-68e7-4712-934a-54b48b8368fd,874df0a4-46c3-440b-b4fa-1c69473cf707,5,4,53eab891-a2aa-4770-86fa-b39f22186186,b30d1d3c-6e39-43a2-8c94-4ca5dba200f4,825,910,completed,2026-01-12T15:01:57.386012,2026-01-12T15:01:57.386012
9840712a-b17e-4a3c-93b4-f8da553f293c,874df0a4-46c3-440b-b4fa-1c69473cf707,6,0,5d0c948b-5fc4-457e-98a4-d02a471b6cd1,7f60fb6b-f4d6-494f-b37e-8794b2064f75,780,845,completed,2026-01-12T15:01:57.386012,2026-01-12T15:01:57.386012
331e73e5-5424-4665-bef9-7508c26eb783,874df0a4-46c3-440b-b4fa-1c69473cf707,6,1,2d4035b0-6277-4b83-a2b6-0fc3d1022901,9cf5ba65-9845-4236-9a49-0fcb200e99fb,748,835,completed,2026-01-12T15:01:57.386012,2026-01-12T15:01:57.386012
bc0c802f-36dc-4535-836d-86ffed07624d,874df0a4-46c3-440b-b4fa-1c69473cf707,6,2,23146569-5ebf-42c1-b60b-454c16a5f991,77642bab-ae8f-46c4-860f-6dc3d675cd66,861,876,completed,2026-01-12T15:01:57.386012,2026-01-12T15:01:57.386012
637a5fb1-cf61-4be7-a65e-025bd1833dec,874df0a4-46c3-440b-b4fa-1c69473cf707,6,3,41ee80cc-e005-4a1c-8470-68fe797fd364,b30d1d3c-6e39-43a2-8c94-4ca5dba200f4,845,848,completed,2026-01-12T15:01:57.386012,2026-01-12T15:01:57.386012
719720ff-cd23-43d7-a7ae-0b34217ded9f,874df0a4-46c3-440b-b4fa-1c69473cf707,6,4,53eab891-a2aa-4770-86fa-b39f22186186,cd6f9d99-1e8c-4bdb-b6e2-24c4abe73476,763,680,completed,2026-01-12T15:01:57.386012,2026-01-12T15:01:57.386012
2ca54589-4049-40cd-bdd6-2ede03a599ad,874df0a4-46c3-440b-b4fa-1c69473cf707,7,0,41ee80cc-e005-4a1c-8470-68fe797fd364,7f60fb6b-f4d6-494f-b37e-8794b2064f75,840,828,completed,2026-01-12T15:01:57.386012,2026-01-12T15:01:57.386012
a04114bc-789d-4adc-80dd-4a9f4bb9f7a3,874df0a4-46c3-440b-b4fa-1c69473cf707,7,1,9cf5ba65-9845-4236-9a49-0fcb200e99fb,cd6f9d99-1e8c-4bdb-b6e2-24c4abe73476,815,715,completed,2026-01-12T15:01:57.386012,2026-01-12T15:01:57.386012
29e97969-b196-4e50-82ea-1af63a8f9be8,874df0a4-46c3-440b-b4fa-1c69473cf707,7,2,23146569-5ebf-42c1-b60b-454c16a5f991,b30d1d3c-6e39-43a2-8c94-4ca5dba200f4,892,863,completed,2026-01-12T15:01:57.386012,2026-01-12T15:01:57.386012
6238c445-ab44-4d09-a8dd-ea0370d99bf2,874df0a4-46c3-440b-b4fa-1c69473cf707,7,3,2d4035b0-6277-4b83-a2b6-0fc3d1022901,77642bab-ae8f-46c4-860f-6dc3d675cd66,771,669,completed,2026-01-12T15:01:57.386012,2026-01-12T15:01:57.386012
094d66ca-8b5b-4b0a-8e57-ab7c61dae73e,874df0a4-46c3-440b-b4fa-1c69473cf707,7,4,53eab891-a2aa-4770-86fa-b39f22186186,5d0c948b-5fc4-457e-98a4-d02a471b6cd1,714,708,completed,2026-01-12T15:01:57.386012,2026-01-12T15:01:57.386012
58a5a0fc-3c2d-4d36-9fa5-ee3ae3ef6024,874df0a4-46c3-440b-b4fa-1c69473cf707,8,0,7f60fb6b-f4d6-494f-b37e-8794b2064f75,9cf5ba65-9845-4236-9a49-0fcb200e99fb,832,687,completed,2026-01-12T15:01:57.386012,2026-01-12T15:01:57.386012
f026138e-44cb-4a1e-9730-9a97ac4c410e,874df0a4-46c3-440b-b4fa-1c69473cf707,8,1,23146569-5ebf-42c1-b60b-454c16a5f991,41ee80cc-e005-4a1c-8470-68fe797fd364,804,780,completed,2026-01-12T15:01:57.386012,2026-01-12T15:01:57.386012
5c32dfd9-9b3b-429f-a5fe-121a5c4051e4,874df0a4-46c3-440b-b4fa-1c69473cf707,8,2,2d4035b0-6277-4b83-a2b6-0fc3d1022901,cd6f9d99-1e8c-4bdb-b6e2-24c4abe73476,760,748,completed,2026-01-12T15:01:57.386012,2026-01-12T15:01:57.386012
3757c545-3d02-4783-8804-e87f01c05bdd,874df0a4-46c3-440b-b4fa-1c69473cf707,8,3,53eab891-a2aa-4770-86fa-b39f22186186,77642bab-ae8f-46c4-860f-6dc3d675cd66,792,636,completed,2026-01-12T15:01:57.386012,2026-01-12T15:01:57.386012
82ab72cc-e53a-4698-9534-60c9b202b98b,874df0a4-46c3-440b-b4fa-1c69473cf707,8,4,5d0c948b-5fc4-457e-98a4-d02a471b6cd1,b30d1d3c-6e39-43a2-8c94-4ca5dba200f4,698,689,completed,2026-01-12T15:01:57.387164,2026-01-12T15:01:57.387164
34f86949-9bfa-4e77-bd50-bc2ae08b01de,874df0a4-46c3-440b-b4fa-1c69473cf707,9,0,7f60fb6b-f4d6-494f-b37e-8794b2064f75,b30d1d3c-6e39-43a2-8c94-4ca5dba200f4,752,702,completed,2026-01-12T15:01:57.387164,2026-01-12T15:01:57.387164
a710944f-cf27-4ee6-9046-9d4782f8513f,874df0a4-46c3-440b-b4fa-1c69473cf707,9,1,53eab891-a2aa-4770-86fa-b39f22186186,9cf5ba65-9845-4236-9a49-0fcb200e99fb,730,827,completed,2026-01-12T15:01:57.387164,2026-01-12T15:01:57.387164
d8de73ea-7c0a-448d-a415-97f6ad749a4c,874df0a4-46c3-440b-b4fa-1c69473cf707,9,2,23146569-5ebf-42c1-b60b-454c16a5f991,5d0c948b-5fc4-457e-98a4-d02a471b6cd1,894,769,completed,2026-01-12T15:01:57.387164,2026-01-12T15:01:57.387164
3dc17d9d-d99e-48f4-90d2-5bd79e2defcf,874df0a4-46c3-440b-b4fa-1c69473cf707,9,3,2d4035b0-6277-4b83-a2b6-0fc3d1022901,41ee80cc-e005-4a1c-8470-68fe797fd364,691,805,completed,2026-01-12T15:01:57.387164,2026-01-12T15:01:57.387164
0b76c604-313d-4b57-80e7-818cc3726b2c,874df0a4-46c3-440b-b4fa-1c69473cf707,9,4,77642bab-ae8f-46c4-860f-6dc3d675cd66,cd6f9d99-1e8c-4bdb-b6e2-24c4abe73476,802,755,completed,2026-01-12T15:01:57.387164,2026-01-12T15:01:57.387164
4b5435e9-1f72-438b-9f86-c475a1f9f1fd,c3889084-e3b8-4e7e-8969-4fb60f5e5a5c,1,0,7f60fb6b-f4d6-494f-b37e-8794b2064f75,b30d1d3c-6e39-43a2-8c94-4ca5dba200f4,908,728,completed,2026-01-12T15:01:57.387164,2026-01-12T15:01:57.387164
1d6b6503-3035-48ba-b40b-52e139c8dc4b,c3889084-e3b8-4e7e-8969-4fb60f5e5a5c,1,1,53eab891-a2aa-4770-86fa-b39f22186186,9cf5ba65-9845-4236-9a49-0fcb200e99fb,803,779,completed,2026-01-12T15:01:57.387164,2026-01-12T15:01:57.387164
f7f9cba8-3352-444a-ac46-5539d1fed264,c3889084-e3b8-4e7e-8969-4fb60f5e5a5c,1,2,23146569-5ebf-42c1-b60b-454c16a5f991,5d0c948b-5fc4-457e-98a4-d02a471b6cd1,761,729,completed,2026-01-12T15:01:57.387164,2026-01-12T15:01:57.387164
237a5be2-9fc3-4fa7-af5b-abf645f56337,c3889084-e3b8-4e7e-8969-4fb60f5e5a5c,1,3,2d4035b0-6277-4b83-a2b6-0fc3d1022901,41ee80cc-e005-4a1c-8470-68fe797fd364,756,782,completed,2026-01-12T15:01:57.387164,2026-01-12T15:01:57.387164
9f37bd5c-eeb2-4f8a-a8e9-46d5fcc34b50,c3889084-e3b8-4e7e-8969-4fb60f5e5a5c,1,4,77642bab-ae8f-46c4-860f-6dc3d675cd66,cd6f9d99-1e8c-4bdb-b6e2-24c4abe73476,726,674,completed,2026-01-12T15:01:57.387164,2026-01-12T15:01:57.387164
b29f7c62-1ed5-485f-875a-5fcb57fb36a4,c3889084-e3b8-4e7e-8969-4fb60f5e5a5c,2,0,7f60fb6b-f4d6-494f-b37e-8794b2064f75,9cf5ba65-9845-4236-9a49-0fcb200e99fb,815,784,completed,2026-01-12T15:01:57.387164,2026-01-12T15:01:57.387164
265020c9-c538-430a-9719-bea1bd763524,c3889084-e3b8-4e7e-8969-4fb60f5e5a5c,2,1,23146569-5ebf-42c1-b60b-454c16a5f991,41ee80cc-e005-4a1c-8470-68fe797fd364,751,804,completed,2026-01-12T15:01:57.387164,2026-01-12T15:01:57.387164
779192b8-1c0d-48b5-8e92-cce57ae2c725,c3889084-e3b8-4e7e-8969-4fb60f5e5a5c,2,2,2d4035b0-6277-4b83-a2b6-0fc3d1022901,cd6f9d99-1e8c-4bdb-b6e2-24c4abe73476,721,784,completed,2026-01-12T15:01:57.387164,2026-01-12T15:01:57.387164
6b89ebc2-f654-4007-9018-ca0df7d76571,c3889084-e3b8-4e7e-8969-4fb60f5e5a5c,2,3,53eab891-a2aa-4770-86fa-b39f22186186,77642bab-ae8f-46c4-860f-6dc3d675cd66,789,700,completed,2026-01-12T15:01:57.387164,2026-01-12T15:01:57.387164
5ae53075-46a7-4c38-95cb-a1005ff7e5a2,c3889084-e3b8-4e7e-8969-4fb60f5e5a5c,2,4,5d0c948b-5fc4-457e-98a4-d02a471b6cd1,b30d1d3c-6e39-43a2-8c94-4ca5dba200f4,736,846,completed,2026-01-12T15:01:57.387164,2026-01-12T15:01:57.387164
6d91634e-9ae5-4bbf-863e-d77970a2176e,c3889084-e3b8-4e7e-8969-4fb60f5e5a5c,3,0,41ee80cc-e005-4a1c-8470-68fe797fd364,7f60fb6b-f4d6-494f-b37e-8794b2064f75,843,762,completed,2026-01-12T15:01:57.387164,2026-01-12T15:01:57.387164
4ee203fc-ba0f-4c57-86ed-6df88145d82b,c3889084-e3b8-4e7e-8969-4fb60f5e5a5c,3,1,9cf5ba65-9845-4236-9a49-0fcb200e99fb,cd6f9d99-1e8c-4bdb-b6e2-24c4abe73476,796,760,completed,2026-01-12T15:01:57.387164,2026-01-12T15:01:57.387164
2b53d298-6465-4540-a6b9-7902831ed1e4,c3889084-e3b8-4e7e-8969-4fb60f5e5a5c,3,2,23146569-5ebf-42c1-b60b-454c16a5f991,b30d1d3c-6e39-43a2-8c94-4ca5dba200f4,720,734,completed,2026-01-12T15:01:57.387164,2026-01-12T15:01:57.387164
236fe93f-1011-4993-87e6-c813bdb72043,c3889084-e3b8-4e7e-8969-4fb60f5e5a5c,3,3,2d4035b0-6277-4b83-a2b6-0fc3d1022901,77642bab-ae8f-46c4-860f-6dc3d675cd66,774,774,completed,2026-01-12T15:01:57.387164,2026-01-12T15:01:57.387164
1694b182-e932-4fb9-93d5-30b456cb91e6,c3889084-e3b8-4e7e-8969-4fb60f5e5a5c,3,4,53eab891-a2aa-4770-86fa-b39f22186186,5d0c948b-5fc4-457e-98a4-d02a471b6cd1,683,737,completed,2026-01-12T15:01:57.387164,2026-01-12T15:01:57.387164
a4825f19-b691-4f8f-8c35-c7c4015cfab3,c3889084-e3b8-4e7e-8969-4fb60f5e5a5c,4,0,5d0c948b-5fc4-457e-98a4-d02a471b6cd1,7f60fb6b-f4d6-494f-b37e-8794b2064f75,791,665,completed,2026-01-12T15:01:57.387164,2026-01-12T15:01:57.387164
4547ed9c-a7c8-4c30-b9bb-59457a361bc5,c3889084-e3b8-4e7e-8969-4fb60f5e5a5c,4,1,2d4035b0-6277-4b83-a2b6-0fc3d1022901,9cf5ba65-9845-4236-9a49-0fcb200e99fb,645,674,completed,2026-01-12T15:01:57.387164,2026-01-12T15:01:57.387164
1426ddf6-8e7d-417f-8d62-a295622d3141,c3889084-e3b8-4e7e-8969-4fb60f5e5a5c,4,2,23146569-5ebf-42c1-b60b-454c16a5f991,77642bab-ae8f-46c4-860f-6dc3d675cd66,755,787,completed,2026-01-12T15:01:57.387164,2026-01-12T15:01:57.387164
52316828-f535-489f-8e9a-358452c8e835,c3889084-e3b8-4e7e-8969-4fb60f5e5a5c,4,3,41ee80cc-e005-4a1c-8470-68fe797fd364,b30d1d3c-6e39-43a2-8c94-4ca5dba200f4,753,793,completed,2026-01-12T15:01:57.387164,2026-01-12T15:01:57.387164
361f78cc-c93f-4491-99e9-127a2a7af66e,c3889084-e3b8-4e7e-8969-4fb60f5e5a5c,4,4,53eab891-a2aa-4770-86fa-b39f22186186,cd6f9d99-1e8c-4bdb-b6e2-24c4abe73476,730,769,completed,2026-01-12T15:01:57.387164,2026-01-12T15:01:57.387164
2d087012-7cef-4a58-a236-a80a07397609,c3889084-e3b8-4e7e-8969-4fb60f5e5a5c,5,0,7f60fb6b-f4d6-494f-b37e-8794b2064f75,cd6f9d99-1e8c-4bdb-b6e2-24c4abe73476,838,740,completed,2026-01-12T15:01:57.387164,2026-01-12T15:01:57.387164
010784b0-1341-413c-a98d-3efde58952f3,c3889084-e3b8-4e7e-8969-4fb60f5e5a5c,5,1,23146569-5ebf-42c1-b60b-454c16a5f991,9cf5ba65-9845-4236-9a49-0fcb200e99fb,805,849,completed,2026-01-12T15:01:57.387164,2026-01-12T15:01:57.387164
e39f5384-9a07-40be-8d2a-75e35fc52b12,c3889084-e3b8-4e7e-8969-4fb60f5e5a5c,5,2,41ee80cc-e005-4a1c-8470-68fe797fd364,77642bab-ae8f-46c4-860f-6dc3d675cd66,740,669,completed,2026-01-12T15:01:57.388450,2026-01-12T15:01:57.388450
6405938a-03da-4d11-9952-7849a00d644e,c3889084-e3b8-4e7e-8969-4fb60f5e5a5c,5,3,2d4035b0-6277-4b83-a2b6-0fc3d1022901,5d0c948b-5fc4-457e-98a4-d02a471b6cd1,721,665,completed,2026-01-12T15:01:57.388450,2026-01-12T15:01:57.388450
e179003b-a8eb-4f00-891e-992f8cac4814,c3889084-e3b8-4e7e-8969-4fb60f5e5a5c,5,4,53eab891-a2aa-4770-86fa-b39f22186186,b30d1d3c-6e39-43a2-8c94-4ca5dba200f4,868,747,completed,2026-01-12T15:01:57.388450,2026-01-12T15:01:57.388450
aa6abb1f-503a-412a-838c-fc1f7c45f9fe,c3889084-e3b8-4e7e-8969-4fb60f5e5a5c,6,0,2d4035b0-6277-4b83-a2b6-0fc3d1022901,7f60fb6b-f4d6-494f-b37e-8794b2064f75,719,775,completed,2026-01-12T15:01:57.388450,2026-01-12T15:01:57.388450
70d13465-278a-4409-8042-c6818cd0bf77,c3889084-e3b8-4e7e-8969-4fb60f5e5a5c,6,1,5d0c948b-5fc4-457e-98a4-d02a471b6cd1,9cf5ba65-9845-4236-9a49-0fcb200e99fb,707,745,completed,2026-01-12T15:01:57.388450,2026-01-12T15:01:57.388450
da91f31c-9ad2-4cd5-bdd7-d40ba9d4f933,c3889084-e3b8-4e7e-8969-4fb60f5e5a5c,6,2,23146569-5ebf-42c1-b60b-454c16a5f991,53eab891-a2aa-4770-86fa-b39f22186186,766,723,completed,2026-01-12T15:01:57.388450,2026-01-12T15:01:57.388450
3264147a-4617-4ea6-b92f-a597aebc2628,c3889084-e3b8-4e7e-8969-4fb60f5e5a5c,6,3,41ee80cc-e005-4a1c-8470-68fe797fd364,cd6f9d99-1e8c-4bdb-b6e2-24c4abe73476,877,672,completed,2026-01-12T15:01:57.388450,2026-01-12T15:01:57.388450
ee9e89d0-23ce-44e5-8ce1-5933b9376ce4,c3889084-e3b8-4e7e-8969-4fb60f5e5a5c,6,4,77642bab-ae8f-46c4-860f-6dc3d675cd66,b30d1d3c-6e39-43a2-8c94-4ca5dba200f4,753,749,completed,2026-01-12T15:01:57.388450,2026-01-12T15:01:57.388450
155ea9ef-3cfb-41a0-bcac-84fd3c0b2851,c3889084-e3b8-4e7e-8969-4fb60f5e5a5c,7,0,77642bab-ae8f-46c4-860f-6dc3d675cd66,7f60fb6b-f4d6-494f-b37e-8794b2064f75,778,790,completed,2026-01-12T15:01:57.388450,2026-01-12T15:01:57.388450
c56a3ce7-222b-476c-bf42-848ede83fe27,c3889084-e3b8-4e7e-8969-4fb60f5e5a5c,7,1,9cf5ba65-9845-4236-9a49-0fcb200e99fb,b30d1d3c-6e39-43a2-8c94-4ca5dba200f4,692,674,completed,2026-01-12T15:01:57.388450,2026-01-12T15:01:57.388450
862393fc-885b-4f67-b7e9-6130ce492d45,c3889084-e3b8-4e7e-8969-4fb60f5e5a5c,7,2,23146569-5ebf-42c1-b60b-454c16a5f991,2d4035b0-6277-4b83-a2b6-0fc3d1022901,819,701,completed,2026-01-12T15:01:57.388450,2026-01-12T15:01:57.388450
07835715-ebdd-459a-ad55-a4bbff899fe8,c3889084-e3b8-4e7e-8969-4fb60f5e5a5c,7,3,41ee80cc-e005-4a1c-8470-68fe797fd364,53eab891-a2aa-4770-86fa-b39f22186186,757,728,completed,2026-01-12T15:01:57.388450,2026-01-12T15:01:57.388450
f626563c-494d-434d-9876-037c691eba08,c3889084-e3b8-4e7e-8969-4fb60f5e5a5c,7,4,5d0c948b-5fc4-457e-98a4-d02a471b6cd1,cd6f9d99-1e8c-4bdb-b6e2-24c4abe73476,665,744,completed,2026-01-12T15:01:57.388450,2026-01-12T15:01:57.388450
5a2b01ad-415a-4f67-9d4c-ba8c4a25fa1b,c3889084-e3b8-4e7e-8969-4fb60f5e5a5c,8,0,53eab891-a2aa-4770-86fa-b39f22186186,7f60fb6b-f4d6-494f-b37e-8794b2064f75,800,787,completed,2026-01-12T15:01:57.388450,2026-01-12T15:01:57.388450
700c5bd9-c054-4381-ac40-5486f9dae2ae,c3889084-e3b8-4e7e-8969-4fb60f5e5a5c,8,1,41ee80cc-e005-4a1c-8470-68fe797fd364,9cf5ba65-9845-4236-9a49-0fcb200e99fb,846,660,completed,2026-01-12T15:01:57.388450,2026-01-12T15:01:57.388450
317eec3f-1224-4056-9352-7326ff3d1ea6,c3889084-e3b8-4e7e-8969-4fb60f5e5a5c,8,2,23146569-5ebf-42c1-b60b-454c16a5f991,cd6f9d99-1e8c-4bdb-b6e2-24c4abe73476,799,729,completed,2026-01-12T15:01:57.388450,2026-01-12T15:01:57.388450
f8b6b9e6-075c-4a73-98ed-8aff29c41a19,c3889084-e3b8-4e7e-8969-4fb60f5e5a5c,8,3,2d4035b0-6277-4b83-a2b6-0fc3d1022901,b30d1d3c-6e39-43a2-8c94-4ca5dba200f4,670,661,completed,2026-01-12T15:01:57.388450,2026-01-12T15:01:57.388450
f27571eb-f9cf-422a-a16a-ed7bdadc6510,c3889084-e3b8-4e7e-8969-4fb60f5e5a5c,8,4,5d0c948b-5fc4-457e-98a4-d02a471b6cd1,77642bab-ae8f-46c4-860f-6dc3d675cd66,737,764,completed,2026-01-12T15:01:57.388450,2026-01-12T15:01:57.388450
475ac160-f66e-4836-a526-29281dc9a9aa,c3889084-e3b8-4e7e-8969-4fb60f5e5a5c,9,0,23146569-5ebf-42c1-b60b-454c16a5f991,7f60fb6b-f4d6-494f-b37e-8794b2064f75,690,728,completed,2026-01-12T15:01:57.388450,2026-01-12T15:01:57.388450
8de9a230-5d2a-4780-adf2-7ad1dae78435,c3889084-e3b8-4e7e-8969-4fb60f5e5a5c,9,1,77642bab-ae8f-46c4-860f-6dc3d675cd66,9cf5ba65-9845-4236-9a49-0fcb200e99fb,837,725,completed,2026-01-12T15:01:57.388450,2026-01-12T15:01:57.388450
828b3d9b-1ffd-4058-bcce-96d7f937a00f,c3889084-e3b8-4e7e-8969-4fb60f5e5a5c,9,2,41ee80cc-e005-4a1c-8470-68fe797fd364,5d0c948b-5fc4-457e-98a4-d02a471b6cd1,872,631,completed,2026-01-12T15:01:57.388450,2026-01-12T15:01:57.388450
96e5ac81-b353-4aad-9fa6-c109611f3cbd,c3889084-e3b8-4e7e-8969-4fb60f5e5a5c,9,3,2d4035b0-6277-4b83-a2b6-0fc3d1022901,53eab891-a2aa-4770-86fa-b39f22186186,714,820,completed,2026-01-12T15:01:57.389451,2026-01-12T15:01:57.389451
7ec7416c-7990-4fca-8b44-11528b15ca62,c3889084-e3b8-4e7e-8969-4fb60f5e5a5c,9,4,b30d1d3c-6e39-43a2-8c94-4ca5dba200f4,cd6f9d99-1e8c-4bdb-b6e2-24c4abe73476,724,769,completed,2026-01-12T15:01:57.389451,2026-01-12T15:01:57.389451
29c03df7-ed74-44ae-9b4a-4e8260d83229,7dca52d1-63ef-42de-b55f-5cf1a1ef97e9,1,0,2d4035b0-6277-4b83-a2b6-0fc3d1022901,7f60fb6b-f4d6-494f-b37e-8794b2064f75,695,783,completed,2026-01-12T15:01:57.389451,2026-01-12T15:01:57.389451
548daf86-3898-496b-9b7e-1337f099f276,7dca52d1-63ef-42de-b55f-5cf1a1ef97e9,1,1,9cf5ba65-9845-4236-9a49-0fcb200e99fb,b30d1d3c-6e39-43a2-8c94-4ca5dba200f4,606,747,completed,2026-01-12T15:01:57.389451,2026-01-12T15:01:57.389451
357e52c7-b569-4ac7-921d-364305239ea3,7dca52d1-63ef-42de-b55f-5cf1a1ef97e9,1,2,23146569-5ebf-42c1-b60b-454c16a5f991,cd6f9d99-1e8c-4bdb-b6e2-24c4abe73476,808,746,completed,2026-01-12T15:01:57.389451,2026-01-12T15:01:57.389451
cbabaeda-7402-4040-9f82-7831bf2ada03,7dca52d1-63ef-42de-b55f-5cf1a1ef97e9,1,3,41ee80cc-e005-4a1c-8470-68fe797fd364,77642bab-ae8f-46c4-860f-6dc3d675cd66,695,731,completed,2026-01-12T15:01:57.389451,2026-01-12T15:01:57.389451
c1840713-40d7-4dc8-aa8e-0f4d65b21a7a,7dca52d1-63ef-42de-b55f-5cf1a1ef97e9,1,4,53eab891-a2aa-4770-86fa-b39f22186186,5d0c948b-5fc4-457e-98a4-d02a471b6cd1,672,676,completed,2026-01-12T15:01:57.389451,2026-01-12T15:01:57.389451
a4e8796c-c248-437f-b00c-725dda21ad50,7dca52d1-63ef-42de-b55f-5cf1a1ef97e9,2,0,23146569-5ebf-42c1-b60b-454c16a5f991,7f60fb6b-f4d6-494f-b37e-8794b2064f75,859,776,completed,2026-01-12T15:01:57.389451,2026-01-12T15:01:57.389451
24b189a6-ef92-46f2-8f03-51fe4b9c36e6,7dca52d1-63ef-42de-b55f-5cf1a1ef97e9,2,1,9cf5ba65-9845-4236-9a49-0fcb200e99fb,cd6f9d99-1e8c-4bdb-b6e2-24c4abe73476,824,654,completed,2026-01-12T15:01:57.389451,2026-01-12T15:01:57.389451
44a2b82a-cee0-4f68-a4e0-1674e84e4c8d,7dca52d1-63ef-42de-b55f-5cf1a1ef97e9,2,2,2d4035b0-6277-4b83-a2b6-0fc3d1022901,41ee80cc-e005-4a1c-8470-68fe797fd364,724,793,completed,2026-01-12T15:01:57.389451,2026-01-12T15:01:57.389451
8388285c-5a31-4447-92b7-dc1c2da7cf0e,7dca52d1-63ef-42de-b55f-5cf1a1ef97e9,2,3,5d0c948b-5fc4-457e-98a4-d02a471b6cd1,77642bab-ae8f-46c4-860f-6dc3d675cd66,774,753,completed,2026-01-12T15:01:57.389451,2026-01-12T15:01:57.389451
5a35aa1a-aa0c-457d-ae24-ac3fcd1a5abb,7dca52d1-63ef-42de-b55f-5cf1a1ef97e9,2,4,53eab891-a2aa-4770-86fa-b39f22186186,b30d1d3c-6e39-43a2-8c94-4ca5dba200f4,718,810,completed,2026-01-12T15:01:57.389451,2026-01-12T15:01:57.389451
046f932a-51ab-4ae7-b2a9-1d5156b32c7f,7dca52d1-63ef-42de-b55f-5cf1a1ef97e9,3,0,7f60fb6b-f4d6-494f-b37e-8794b2064f75,b30d1d3c-6e39-43a2-8c94-4ca5dba200f4,893,658,completed,2026-01-12T15:01:57.389451,2026-01-12T15:01:57.389451
44ae0ec0-d7e7-4c9e-890e-66f1304e720a,7dca52d1-63ef-42de-b55f-5cf1a1ef97e9,3,1,23146569-5ebf-42c1-b60b-454c16a5f991,9cf5ba65-9845-4236-9a49-0fcb200e99fb,781,759,completed,2026-01-12T15:01:57.389451,2026-01-12T15:01:57.389451
b4c1946d-9731-4911-9d5e-406b2c7551c0,7dca52d1-63ef-42de-b55f-5cf1a1ef97e9,3,2,41ee80cc-e005-4a1c-8470-68fe797fd364,53eab891-a2aa-4770-86fa-b39f22186186,815,692,completed,2026-01-12T15:01:57.389451,2026-01-12T15:01:57.389451
0e0cf1c7-d1a6-4b70-be5b-bbedcfb7e1b2,7dca52d1-63ef-42de-b55f-5cf1a1ef97e9,3,3,2d4035b0-6277-4b83-a2b6-0fc3d1022901,77642bab-ae8f-46c4-860f-6dc3d675cd66,706,755,completed,2026-01-12T15:01:57.389451,2026-01-12T15:01:57.389451
1b801ff1-776b-4e6d-add0-439aff1fbfa7,7dca52d1-63ef-42de-b55f-5cf1a1ef97e9,3,4,5d0c948b-5fc4-457e-98a4-d02a471b6cd1,cd6f9d99-1e8c-4bdb-b6e2-24c4abe73476,651,706,completed,2026-01-12T15:01:57.389451,2026-01-12T15:01:57.389451
24f1515c-0e38-43c3-a127-1c74da951edd,7dca52d1-63ef-42de-b55f-5cf1a1ef97e9,4,0,7f60fb6b-f4d6-494f-b37e-8794b2064f75,9cf5ba65-9845-4236-9a49-0fcb200e99fb,766,735,completed,2026-01-12T15:01:57.389451,2026-01-12T15:01:57.389451
f186932e-d5c7-4923-94df-86042f12255e,7dca52d1-63ef-42de-b55f-5cf1a1ef97e9,4,1,23146569-5ebf-42c1-b60b-454c16a5f991,77642bab-ae8f-46c4-860f-6dc3d675cd66,802,758,completed,2026-01-12T15:01:57.389451,2026-01-12T15:01:57.389451
02651809-c96d-429c-a76c-6ca0ffe64a6f,7dca52d1-63ef-42de-b55f-5cf1a1ef97e9,4,2,41ee80cc-e005-4a1c-8470-68fe797fd364,5d0c948b-5fc4-457e-98a4-d02a471b6cd1,682,786,completed,2026-01-12T15:01:57.389451,2026-01-12T15:01:57.389451
bfdf112c-10f5-4da7-9164-ce994357cba1,7dca52d1-63ef-42de-b55f-5cf1a1ef97e9,4,3,2d4035b0-6277-4b83-a2b6-0fc3d1022901,53eab891-a2aa-4770-86fa-b39f22186186,719,777,completed,2026-01-12T15:01:57.389451,2026-01-12T15:01:57.389451
7ce298f2-7cdb-4022-9b9b-b87d944f070e,7dca52d1-63ef-42de-b55f-5cf1a1ef97e9,4,4,b30d1d3c-6e39-43a2-8c94-4ca5dba200f4,cd6f9d99-1e8c-4bdb-b6e2-24c4abe73476,655,709,completed,2026-01-12T15:01:57.390453,2026-01-12T15:01:57.390453
805cc56f-3f67-4ef2-964d-ff12c8dcda1d,7dca52d1-63ef-42de-b55f-5cf1a1ef97e9,5,0,77642bab-ae8f-46c4-860f-6dc3d675cd66,7f60fb6b-f4d6-494f-b37e-8794b2064f75,677,803,completed,2026-01-12T15:01:57.390453,2026-01-12T15:01:57.390453
ffeac1e9-a013-44ad-a27e-d1b2a30b7317,7dca52d1-63ef-42de-b55f-5cf1a1ef97e9,5,1,5d0c948b-5fc4-457e-98a4-d02a471b6cd1,9cf5ba65-9845-4236-9a49-0fcb200e99fb,790,723,completed,2026-01-12T15:01:57.390453,2026-01-12T15:01:57.390453
1c7ea40e-708d-4c58-b1cb-93fffbd1e254,7dca52d1-63ef-42de-b55f-5cf1a1ef97e9,5,2,23146569-5ebf-42c1-b60b-454c16a5f991,53eab891-a2aa-4770-86fa-b39f22186186,720,781,completed,2026-01-12T15:01:57.390453,2026-01-12T15:01:57.390453
c49a91cd-e7d4-4aff-8a79-5ef8cfe321de,7dca52d1-63ef-42de-b55f-5cf1a1ef97e9,5,3,41ee80cc-e005-4a1c-8470-68fe797fd364,b30d1d3c-6e39-43a2-8c94-4ca5dba200f4,782,773,completed,2026-01-12T15:01:57.390453,2026-01-12T15:01:57.390453
210f1d0a-2a21-4f72-8d9e-636bf157df49,7dca52d1-63ef-42de-b55f-5cf1a1ef97e9,5,4,2d4035b0-6277-4b83-a2b6-0fc3d1022901,cd6f9d99-1e8c-4bdb-b6e2-24c4abe73476,735,824,completed,2026-01-12T15:01:57.390453,2026-01-12T15:01:57.390453
54a69400-f845-4234-a256-8a671e63f956,7dca52d1-63ef-42de-b55f-5cf1a1ef97e9,6,0,41ee80cc-e005-4a1c-8470-68fe797fd364,7f60fb6b-f4d6-494f-b37e-8794b2064f75,659,813,completed,2026-01-12T15:01:57.390453,2026-01-12T15:01:57.390453
55377308-0d94-433e-af7e-c9aa13d19a72,7dca52d1-63ef-42de-b55f-5cf1a1ef97e9,6,1,77642bab-ae8f-46c4-860f-6dc3d675cd66,9cf5ba65-9845-4236-9a49-0fcb200e99fb,673,861,completed,2026-01-12T15:01:57.390453,2026-01-12T15:01:57.390453
3358a237-87ee-478a-bb52-f7b0d5cad0d8,7dca52d1-63ef-42de-b55f-5cf1a1ef97e9,6,2,23146569-5ebf-42c1-b60b-454c16a5f991,5d0c948b-5fc4-457e-98a4-d02a471b6cd1,685,775,completed,2026-01-12T15:01:57.390453,2026-01-12T15:01:57.390453
c621e5f4-0452-4449-a7f6-9c3892628890,7dca52d1-63ef-42de-b55f-5cf1a1ef97e9,6,3,2d4035b0-6277-4b83-a2b6-0fc3d1022901,b30d1d3c-6e39-43a2-8c94-4ca5dba200f4,752,760,completed,2026-01-12T15:01:57.390453,2026-01-12T15:01:57.390453
4b7e5dd9-4a97-490c-bdbe-5f9e750f0005,7dca52d1-63ef-42de-b55f-5cf1a1ef97e9,6,4,53eab891-a2aa-4770-86fa-b39f22186186,cd6f9d99-1e8c-4bdb-b6e2-24c4abe73476,853,750,completed,2026-01-12T15:01:57.390453,2026-01-12T15:01:57.390453
b6a2d171-6e0c-412d-a5a8-77e24d2a969d,7dca52d1-63ef-42de-b55f-5cf1a1ef97e9,7,0,5d0c948b-5fc4-457e-98a4-d02a471b6cd1,7f60fb6b-f4d6-494f-b37e-8794b2064f75,745,785,completed,2026-01-12T15:01:57.390453,2026-01-12T15:01:57.390453
89a9957e-d426-42a4-ac44-c04db915ca91,7dca52d1-63ef-42de-b55f-5cf1a1ef97e9,7,1,53eab891-a2aa-4770-86fa-b39f22186186,9cf5ba65-9845-4236-9a49-0fcb200e99fb,828,770,completed,2026-01-12T15:01:57.390453,2026-01-12T15:01:57.390453
2f17c7f4-bf4c-4558-b0d3-15e0375eb625,7dca52d1-63ef-42de-b55f-5cf1a1ef97e9,7,2,23146569-5ebf-42c1-b60b-454c16a5f991,2d4035b0-6277-4b83-a2b6-0fc3d1022901,803,799,completed,2026-01-12T15:01:57.390453,2026-01-12T15:01:57.390453
42886450-967d-4f43-b10f-4898b827d070,7dca52d1-63ef-42de-b55f-5cf1a1ef97e9,7,3,41ee80cc-e005-4a1c-8470-68fe797fd364,cd6f9d99-1e8c-4bdb-b6e2-24c4abe73476,781,737,completed,2026-01-12T15:01:57.390453,2026-01-12T15:01:57.390453
4ab42fa3-9189-48e4-8f1d-f86213de7798,7dca52d1-63ef-42de-b55f-5cf1a1ef97e9,7,4,77642bab-ae8f-46c4-860f-6dc3d675cd66,b30d1d3c-6e39-43a2-8c94-4ca5dba200f4,696,736,completed,2026-01-12T15:01:57.390453,2026-01-12T15:01:57.390453
04fd7042-1651-4d97-a2ee-b64c1a05f86e,7dca52d1-63ef-42de-b55f-5cf1a1ef97e9,8,0,53eab891-a2aa-4770-86fa-b39f22186186,7f60fb6b-f4d6-494f-b37e-8794b2064f75,810,788,completed,2026-01-12T15:01:57.390453,2026-01-12T15:01:57.390453
e0132116-7de6-4cfa-9ca3-a6faad5ac508,7dca52d1-63ef-42de-b55f-5cf1a1ef97e9,8,1,2d4035b0-6277-4b83-a2b6-0fc3d1022901,9cf5ba65-9845-4236-9a49-0fcb200e99fb,739,753,completed,2026-01-12T15:01:57.390453,2026-01-12T15:01:57.390453
9d6320c1-ca4c-4aca-b65a-9f8f264a5ab0,7dca52d1-63ef-42de-b55f-5cf1a1ef97e9,8,2,23146569-5ebf-42c1-b60b-454c16a5f991,41ee80cc-e005-4a1c-8470-68fe797fd364,727,750,completed,2026-01-12T15:01:57.390453,2026-01-12T15:01:57.390453
91c80cd2-a937-4fdc-8dd6-36e9841af0cb,7dca52d1-63ef-42de-b55f-5cf1a1ef97e9,8,3,77642bab-ae8f-46c4-860f-6dc3d675cd66,cd6f9d99-1e8c-4bdb-b6e2-24c4abe73476,702,730,completed,2026-01-12T15:01:57.390453,2026-01-12T15:01:57.390453
7209cada-dcdb-489a-87fe-26e16a50557b,7dca52d1-63ef-42de-b55f-5cf1a1ef97e9,8,4,5d0c948b-5fc4-457e-98a4-d02a471b6cd1,b30d1d3c-6e39-43a2-8c94-4ca5dba200f4,743,788,completed,2026-01-12T15:01:57.390453,2026-01-12T15:01:57.390453
01e4d496-f472-4718-9354-eef0e5bc5d6d,7dca52d1-63ef-42de-b55f-5cf1a1ef97e9,9,0,7f60fb6b-f4d6-494f-b37e-8794b2064f75,cd6f9d99-1e8c-4bdb-b6e2-24c4abe73476,808,651,completed,2026-01-12T15:01:57.391454,2026-01-12T15:01:57.391454
f2a5e9aa-ae12-4829-bf24-1d9cebd42546,7dca52d1-63ef-42de-b55f-5cf1a1ef97e9,9,1,41ee80cc-e005-4a1c-8470-68fe797fd364,9cf5ba65-9845-4236-9a49-0fcb200e99fb,726,768,completed,2026-01-12T15:01:57.391454,2026-01-12T15:01:57.391454
240fbe9b-d9a0-4c8e-bcc3-abc3b351d7f8,7dca52d1-63ef-42de-b55f-5cf1a1ef97e9,9,2,23146569-5ebf-42c1-b60b-454c16a5f991,b30d1d3c-6e39-43a2-8c94-4ca5dba200f4,713,762,completed,2026-01-12T15:01:57.391454,2026-01-12T15:01:57.391454
ae9f065e-2366-4e96-8005-d804387cf2aa,7dca52d1-63ef-42de-b55f-5cf1a1ef97e9,9,3,2d4035b0-6277-4b83-a2b6-0fc3d1022901,5d0c948b-5fc4-457e-98a4-d02a471b6cd1,617,702,completed,2026-01-12T15:01:57.391454,2026-01-12T15:01:57.391454
1468e246-6adb-4145-973c-c80a94c0d997,7dca52d1-63ef-42de-b55f-5cf1a1ef97e9,9,4,53eab891-a2aa-4770-86fa-b39f22186186,77642bab-ae8f-46c4-860f-6dc3d675cd66,711,762,completed,2026-01-12T15:01:57.391454,2026-01-12T15:01:57.391454
e56763d5-c708-4413-a463-077541c31ef6,a23a5d47-08b8-4ab7-84fc-c2eb06beb5d3,1,0,7f60fb6b-f4d6-494f-b37e-8794b2064f75,cd6f9d99-1e8c-4bdb-b6e2-24c4abe73476,778,671,completed,2026-01-12T15:01:57.391454,2026-01-12T15:01:57.391454
61e2a565-1951-4645-9bf7-703e4f22e97b,a23a5d47-08b8-4ab7-84fc-c2eb06beb5d3,1,1,41ee80cc-e005-4a1c-8470-68fe797fd364,9cf5ba65-9845-4236-9a49-0fcb200e99fb,720,672,completed,2026-01-12T15:01:57.391454,2026-01-12T15:01:57.391454
3a4fdb37-3d2e-4d6f-86ef-8c88b4358ea4,a23a5d47-08b8-4ab7-84fc-c2eb06beb5d3,1,2,23146569-5ebf-42c1-b60b-454c16a5f991,b30d1d3c-6e39-43a2-8c94-4ca5dba200f4,798,820,completed,2026-01-12T15:01:57.391454,2026-01-12T15:01:57.391454
ca09a23a-2508-459e-9bbd-26bf17e2bdb2,a23a5d47-08b8-4ab7-84fc-c2eb06beb5d3,1,3,2d4035b0-6277-4b83-a2b6-0fc3d1022901,5d0c948b-5fc4-457e-98a4-d02a471b6cd1,745,643,completed,2026-01-12T15:01:57.391454,2026-01-12T15:01:57.391454
846b98c8-3fd5-4059-9ce9-c7e2c95ab678,a23a5d47-08b8-4ab7-84fc-c2eb06beb5d3,1,4,53eab891-a2aa-4770-86fa-b39f22186186,77642bab-ae8f-46c4-860f-6dc3d675cd66,646,683,completed,2026-01-12T15:01:57.391454,2026-01-12T15:01:57.391454
8b47d4b3-49e4-46d3-85d7-25d9db013d7d,a23a5d47-08b8-4ab7-84fc-c2eb06beb5d3,2,0,53eab891-a2aa-4770-86fa-b39f22186186,7f60fb6b-f4d6-494f-b37e-8794b2064f75,816,834,completed,2026-01-12T15:01:57.391454,2026-01-12T15:01:57.391454
8d5fee50-f8dc-4cda-93f4-e84d8da86c6f,a23a5d47-08b8-4ab7-84fc-c2eb06beb5d3,2,1,2d4035b0-6277-4b83-a2b6-0fc3d1022901,9cf5ba65-9845-4236-9a49-0fcb200e99fb,697,807,completed,2026-01-12T15:01:57.391454,2026-01-12T15:01:57.391454
a7ac85d2-f87b-46f3-b126-641f53831de3,a23a5d47-08b8-4ab7-84fc-c2eb06beb5d3,2,2,23146569-5ebf-42c1-b60b-454c16a5f991,41ee80cc-e005-4a1c-8470-68fe797fd364,830,873,completed,2026-01-12T15:01:57.391454,2026-01-12T15:01:57.391454
bd507ab4-dd72-4204-a01e-0d12517f6ed8,a23a5d47-08b8-4ab7-84fc-c2eb06beb5d3,2,3,77642bab-ae8f-46c4-860f-6dc3d675cd66,cd6f9d99-1e8c-4bdb-b6e2-24c4abe73476,789,664,completed,2026-01-12T15:01:57.391454,2026-01-12T15:01:57.391454
4af5fe00-418e-4aff-acd2-fe7aa6e3a916,a23a5d47-08b8-4ab7-84fc-c2eb06beb5d3,2,4,5d0c948b-5fc4-457e-98a4-d02a471b6cd1,b30d1d3c-6e39-43a2-8c94-4ca5dba200f4,747,774,completed,2026-01-12T15:01:57.391454,2026-01-12T15:01:57.391454
2b2b4665-5e6b-44bf-951a-be3de258345b,a23a5d47-08b8-4ab7-84fc-c2eb06beb5d3,3,0,5d0c948b-5fc4-457e-98a4-d02a471b6cd1,7f60fb6b-f4d6-494f-b37e-8794b2064f75,648,746,completed,2026-01-12T15:01:57.391454,2026-01-12T15:01:57.391454
f425d75c-0171-43b8-a3e9-c718da2221a5,a23a5d47-08b8-4ab7-84fc-c2eb06beb5d3,3,1,53eab891-a2aa-4770-86fa-b39f22186186,9cf5ba65-9845-4236-9a49-0fcb200e99fb,729,835,completed,2026-01-12T15:01:57.391454,2026-01-12T15:01:57.391454
c686297b-7a51-40f2-9bcc-444cdd40523f,a23a5d47-08b8-4ab7-84fc-c2eb06beb5d3,3,2,23146569-5ebf-42c1-b60b-454c16a5f991,2d4035b0-6277-4b83-a2b6-0fc3d1022901,818,689,completed,2026-01-12T15:01:57.391454,2026-01-12T15:01:57.391454
948161a2-4dc9-4e35-b1a1-c466bad6a3df,a23a5d47-08b8-4ab7-84fc-c2eb06beb5d3,3,3,41ee80cc-e005-4a1c-8470-68fe797fd364,cd6f9d99-1e8c-4bdb-b6e2-24c4abe73476,682,650,completed,2026-01-12T15:01:57.391454,2026-01-12T15:01:57.391454
89beb6d0-d90b-4298-8677-2bbefd2d6680,a23a5d47-08b8-4ab7-84fc-c2eb06beb5d3,3,4,77642bab-ae8f-46c4-860f-6dc3d675cd66,b30d1d3c-6e39-43a2-8c94-4ca5dba200f4,658,669,completed,2026-01-12T15:01:57.391454,2026-01-12T15:01:57.391454
67a029a6-eca1-4e1c-a5b7-a5b15cb6531e,a23a5d47-08b8-4ab7-84fc-c2eb06beb5d3,4,0,41ee80cc-e005-4a1c-8470-68fe797fd364,7f60fb6b-f4d6-494f-b37e-8794b2064f75,747,765,completed,2026-01-12T15:01:57.391454,2026-01-12T15:01:57.391454
2be4b1fd-a0b7-4cdb-90ae-06a42f4926c2,a23a5d47-08b8-4ab7-84fc-c2eb06beb5d3,4,1,77642bab-ae8f-46c4-860f-6dc3d675cd66,9cf5ba65-9845-4236-9a49-0fcb200e99fb,867,767,completed,2026-01-12T15:01:57.392470,2026-01-12T15:01:57.392470
a48c9a39-7141-4140-bd6f-0d61c6ac9d74,a23a5d47-08b8-4ab7-84fc-c2eb06beb5d3,4,2,23146569-5ebf-42c1-b60b-454c16a5f991,5d0c948b-5fc4-457e-98a4-d02a471b6cd1,832,637,completed,2026-01-12T15:01:57.392470,2026-01-12T15:01:57.392470
95213a65-2517-4046-878a-443efeaa9ac7,a23a5d47-08b8-4ab7-84fc-c2eb06beb5d3,4,3,2d4035b0-6277-4b83-a2b6-0fc3d1022901,b30d1d3c-6e39-43a2-8c94-4ca5dba200f4,707,662,completed,2026-01-12T15:01:57.392470,2026-01-12T15:01:57.392470
6e06fbc6-8902-4e58-a11c-b60f33a939e2,a23a5d47-08b8-4ab7-84fc-c2eb06beb5d3,4,4,53eab891-a2aa-4770-86fa-b39f22186186,cd6f9d99-1e8c-4bdb-b6e2-24c4abe73476,725,704,completed,2026-01-12T15:01:57.392470,2026-01-12T15:01:57.392470
08905f88-d2f4-4309-b3b0-7e236a357a72,a23a5d47-08b8-4ab7-84fc-c2eb06beb5d3,5,0,77642bab-ae8f-46c4-860f-6dc3d675cd66,7f60fb6b-f4d6-494f-b37e-8794b2064f75,665,757,completed,2026-01-12T15:01:57.392470,2026-01-12T15:01:57.392470
0a64d255-c8a2-4b79-ad97-aad42aaec382,a23a5d47-08b8-4ab7-84fc-c2eb06beb5d3,5,1,5d0c948b-5fc4-457e-98a4-d02a471b6cd1,9cf5ba65-9845-4236-9a49-0fcb200e99fb,599,649,completed,2026-01-12T15:01:57.392470,2026-01-12T15:01:57.392470
98549c3a-eef1-4416-b62f-617fc82a0003,a23a5d47-08b8-4ab7-84fc-c2eb06beb5d3,5,2,23146569-5ebf-42c1-b60b-454c16a5f991,53eab891-a2aa-4770-86fa-b39f22186186,772,715,completed,2026-01-12T15:01:57.392470,2026-01-12T15:01:57.392470
a0588cd3-581c-4d34-9547-1a84c520448c,a23a5d47-08b8-4ab7-84fc-c2eb06beb5d3,5,3,41ee80cc-e005-4a1c-8470-68fe797fd364,b30d1d3c-6e39-43a2-8c94-4ca5dba200f4,791,850,completed,2026-01-12T15:01:57.392470,2026-01-12T15:01:57.392470
272e8513-1dd6-437d-b397-602079e2282a,a23a5d47-08b8-4ab7-84fc-c2eb06beb5d3,5,4,2d4035b0-6277-4b83-a2b6-0fc3d1022901,cd6f9d99-1e8c-4bdb-b6e2-24c4abe73476,641,706,completed,2026-01-12T15:01:57.392470,2026-01-12T15:01:57.392470
3363e02b-1905-4afa-a7cf-482915b9009b,a23a5d47-08b8-4ab7-84fc-c2eb06beb5d3,6,0,7f60fb6b-f4d6-494f-b37e-8794b2064f75,9cf5ba65-9845-4236-9a49-0fcb200e99fb,756,483,completed,2026-01-12T15:01:57.392470,2026-01-12T15:01:57.392470
3f24be90-181a-4385-b50d-22e3b96ba978,a23a5d47-08b8-4ab7-84fc-c2eb06beb5d3,6,1,23146569-5ebf-42c1-b60b-454c16a5f991,77642bab-ae8f-46c4-860f-6dc3d675cd66,766,700,completed,2026-01-12T15:01:57.392470,2026-01-12T15:01:57.392470
078936a9-151d-4994-9ee6-dc054141d824,a23a5d47-08b8-4ab7-84fc-c2eb06beb5d3,6,2,41ee80cc-e005-4a1c-8470-68fe797fd364,5d0c948b-5fc4-457e-98a4-d02a471b6cd1,915,748,completed,2026-01-12T15:01:57.392470,2026-01-12T15:01:57.392470
2d19341e-7efb-4c5d-8612-71aacd294f4f,a23a5d47-08b8-4ab7-84fc-c2eb06beb5d3,6,3,2d4035b0-6277-4b83-a2b6-0fc3d1022901,53eab891-a2aa-4770-86fa-b39f22186186,740,693,completed,2026-01-12T15:01:57.392470,2026-01-12T15:01:57.392470
ac2f994c-7e67-499d-a317-7a55c15f61ca,a23a5d47-08b8-4ab7-84fc-c2eb06beb5d3,6,4,b30d1d3c-6e39-43a2-8c94-4ca5dba200f4,cd6f9d99-1e8c-4bdb-b6e2-24c4abe73476,735,696,completed,2026-01-12T15:01:57.392470,2026-01-12T15:01:57.392470
186e7f16-ff74-4a61-a496-888f6081eb75,a23a5d47-08b8-4ab7-84fc-c2eb06beb5d3,7,0,7f60fb6b-f4d6-494f-b37e-8794b2064f75,b30d1d3c-6e39-43a2-8c94-4ca5dba200f4,768,646,completed,2026-01-12T15:01:57.392470,2026-01-12T15:01:57.392470
d5e9764e-5586-4acb-b07e-efb9b22296c6,a23a5d47-08b8-4ab7-84fc-c2eb06beb5d3,7,1,23146569-5ebf-42c1-b60b-454c16a5f991,9cf5ba65-9845-4236-9a49-0fcb200e99fb,763,739,completed,2026-01-12T15:01:57.392470,2026-01-12T15:01:57.392470
d0a2ea4c-c4cb-4607-a303-08b3b3838af0,a23a5d47-08b8-4ab7-84fc-c2eb06beb5d3,7,2,41ee80cc-e005-4a1c-8470-68fe797fd364,53eab891-a2aa-4770-86fa-b39f22186186,845,739,completed,2026-01-12T15:01:57.392470,2026-01-12T15:01:57.392470
73439b99-e46f-48e3-b080-a0f54b72e4e4,a23a5d47-08b8-4ab7-84fc-c2eb06beb5d3,7,3,2d4035b0-6277-4b83-a2b6-0fc3d1022901,77642bab-ae8f-46c4-860f-6dc3d675cd66,770,701,completed,2026-01-12T15:01:57.392470,2026-01-12T15:01:57.392470
552d3488-93c3-444c-bbc9-0e27e5f1cf27,a23a5d47-08b8-4ab7-84fc-c2eb06beb5d3,7,4,5d0c948b-5fc4-457e-98a4-d02a471b6cd1,cd6f9d99-1e8c-4bdb-b6e2-24c4abe73476,749,670,completed,2026-01-12T15:01:57.392470,2026-01-12T15:01:57.392470
cd7512fa-3ed3-4eef-9ce6-b8256248cf6d,a23a5d47-08b8-4ab7-84fc-c2eb06beb5d3,8,0,23146569-5ebf-42c1-b60b-454c16a5f991,7f60fb6b-f4d6-494f-b37e-8794b2064f75,873,802,completed,2026-01-12T15:01:57.392470,2026-01-12T15:01:57.392470
20d0376d-a8e2-4bef-946a-86fae0180746,a23a5d47-08b8-4ab7-84fc-c2eb06beb5d3,8,1,9cf5ba65-9845-4236-9a49-0fcb200e99fb,cd6f9d99-1e8c-4bdb-b6e2-24c4abe73476,665,731,completed,2026-01-12T15:01:57.392470,2026-01-12T15:01:57.392470
555c6610-878f-4a4f-bd02-e094350b31cb,a23a5d47-08b8-4ab7-84fc-c2eb06beb5d3,8,2,2d4035b0-6277-4b83-a2b6-0fc3d1022901,41ee80cc-e005-4a1c-8470-68fe797fd364,660,758,completed,2026-01-12T15:01:57.393471,2026-01-12T15:01:57.393471
0d95000f-87a2-4996-a3a8-0ffcf1b6e69c,a23a5d47-08b8-4ab7-84fc-c2eb06beb5d3,8,3,5d0c948b-5fc4-457e-98a4-d02a471b6cd1,77642bab-ae8f-46c4-860f-6dc3d675cd66,603,728,completed,2026-01-12T15:01:57.393471,2026-01-12T15:01:57.393471
48e92de0-e4ef-43cb-92ab-127af1a949f4,a23a5d47-08b8-4ab7-84fc-c2eb06beb5d3,8,4,53eab891-a2aa-4770-86fa-b39f22186186,b30d1d3c-6e39-43a2-8c94-4ca5dba200f4,733,695,completed,2026-01-12T15:01:57.393471,2026-01-12T15:01:57.393471
1e682425-5eb2-47e5-8a6b-99561fc8bc3c,a23a5d47-08b8-4ab7-84fc-c2eb06beb5d3,9,0,2d4035b0-6277-4b83-a2b6-0fc3d1022901,7f60fb6b-f4d6-494f-b37e-8794b2064f75,687,763,completed,2026-01-12T15:01:57.393471,2026-01-12T15:01:57.393471
a747c522-e266-4680-87e7-e12632555c48,a23a5d47-08b8-4ab7-84fc-c2eb06beb5d3,9,1,9cf5ba65-9845-4236-9a49-0fcb200e99fb,b30d1d3c-6e39-43a2-8c94-4ca5dba200f4,633,566,completed,2026-01-12T15:01:57.393471,2026-01-12T15:01:57.393471
c2b9d37c-a58c-4849-9348-3f914fe0aa1e,a23a5d47-08b8-4ab7-84fc-c2eb06beb5d3,9,2,23146569-5ebf-42c1-b60b-454c16a5f991,cd6f9d99-1e8c-4bdb-b6e2-24c4abe73476,721,660,completed,2026-01-12T15:01:57.393471,2026-01-12T15:01:57.393471
bab529cb-1f59-4044-bb7c-b40602b9657a,a23a5d47-08b8-4ab7-84fc-c2eb06beb5d3,9,3,41ee80cc-e005-4a1c-8470-68fe797fd364,77642bab-ae8f-46c4-860f-6dc3d675cd66,641,710,completed,2026-01-12T15:01:57.393471,2026-01-12T15:01:57.393471
8aea5a1d-6011-415d-b6e1-b0e52b674e35,a23a5d47-08b8-4ab7-84fc-c2eb06beb5d3,9,4,53eab891-a2aa-4770-86fa-b39f22186186,5d0c948b-5fc4-457e-98a4-d02a471b6cd1,719,748,completed,2026-01-12T15:01:57.393471,2026-01-12T15:01:57.393471
ca8fea18-ecc7-44d9-b10f-046a8b767c18,4acb8502-717f-46f6-9fc3-133ea51d195d,1,0,7f60fb6b-f4d6-494f-b37e-8794b2064f75,9cf5ba65-9845-4236-9a49-0fcb200e99fb,790,734,completed,2026-01-12T15:01:57.393471,2026-01-12T15:01:57.393471
7f8865fd-962a-47a7-95d7-6498a9dc2a6b,4acb8502-717f-46f6-9fc3-133ea51d195d,1,1,23146569-5ebf-42c1-b60b-454c16a5f991,41ee80cc-e005-4a1c-8470-68fe797fd364,914,860,completed,2026-01-12T15:01:57.393471,2026-01-12T15:01:57.393471
989a5dce-6130-484c-b85c-d18866235831,4acb8502-717f-46f6-9fc3-133ea51d195d,1,2,2d4035b0-6277-4b83-a2b6-0fc3d1022901,77642bab-ae8f-46c4-860f-6dc3d675cd66,828,880,completed,2026-01-12T15:01:57.393471,2026-01-12T15:01:57.393471
bf0e3aae-4cd0-4b08-9f97-3ad6d9c31cb1,4acb8502-717f-46f6-9fc3-133ea51d195d,1,3,5d0c948b-5fc4-457e-98a4-d02a471b6cd1,b30d1d3c-6e39-43a2-8c94-4ca5dba200f4,845,850,completed,2026-01-12T15:01:57.393471,2026-01-12T15:01:57.393471
0071e7af-3da5-4e41-a8c0-ecb67507f769,4acb8502-717f-46f6-9fc3-133ea51d195d,1,4,53eab891-a2aa-4770-86fa-b39f22186186,cd6f9d99-1e8c-4bdb-b6e2-24c4abe73476,844,861,completed,2026-01-12T15:01:57.393471,2026-01-12T15:01:57.393471
7e79efdb-9623-4277-9755-a896b14ad4d0,4acb8502-717f-46f6-9fc3-133ea51d195d,2,0,77642bab-ae8f-46c4-860f-6dc3d675cd66,7f60fb6b-f4d6-494f-b37e-8794b2064f75,865,971,completed,2026-01-12T15:01:57.393471,2026-01-12T15:01:57.393471
5940002c-6a96-4546-ba0e-c7b9fd8abffb,4acb8502-717f-46f6-9fc3-133ea51d195d,2,1,53eab891-a2aa-4770-86fa-b39f22186186,9cf5ba65-9845-4236-9a49-0fcb200e99fb,705,830,completed,2026-01-12T15:01:57.393471,2026-01-12T15:01:57.393471
dcf5af7a-9d74-4242-af8f-c245255e0167,4acb8502-717f-46f6-9fc3-133ea51d195d,2,2,23146569-5ebf-42c1-b60b-454c16a5f991,5d0c948b-5fc4-457e-98a4-d02a471b6cd1,824,770,completed,2026-01-12T15:01:57.393471,2026-01-12T15:01:57.393471
206bb00a-ec84-4cd2-8245-067c2b41c069,4acb8502-717f-46f6-9fc3-133ea51d195d,2,3,41ee80cc-e005-4a1c-8470-68fe797fd364,b30d1d3c-6e39-43a2-8c94-4ca5dba200f4,839,870,completed,2026-01-12T15:01:57.393471,2026-01-12T15:01:57.393471
d6cab65c-7dd2-47d9-90f7-b5759e2a05cf,4acb8502-717f-46f6-9fc3-133ea51d195d,2,4,2d4035b0-6277-4b83-a2b6-0fc3d1022901,cd6f9d99-1e8c-4bdb-b6e2-24c4abe73476,782,808,completed,2026-01-12T15:01:57.393471,2026-01-12T15:01:57.393471
d3048ae9-84bc-4e69-a551-9048da6c30da,4acb8502-717f-46f6-9fc3-133ea51d195d,3,0,7f60fb6b-f4d6-494f-b37e-8794b2064f75,cd6f9d99-1e8c-4bdb-b6e2-24c4abe73476,879,817,completed,2026-01-12T15:01:57.393471,2026-01-12T15:01:57.393471
3c437bc3-5412-4501-bc8d-f2779db19d16,4acb8502-717f-46f6-9fc3-133ea51d195d,3,1,23146569-5ebf-42c1-b60b-454c16a5f991,9cf5ba65-9845-4236-9a49-0fcb200e99fb,806,730,completed,2026-01-12T15:01:57.393471,2026-01-12T15:01:57.393471
75a866fc-97e7-4946-b2de-341805850ef3,4acb8502-717f-46f6-9fc3-133ea51d195d,3,2,2d4035b0-6277-4b83-a2b6-0fc3d1022901,41ee80cc-e005-4a1c-8470-68fe797fd364,777,824,completed,2026-01-12T15:01:57.393471,2026-01-12T15:01:57.393471
58eaddd6-3658-441f-8d51-70579e3b7694,4acb8502-717f-46f6-9fc3-133ea51d195d,3,3,5d0c948b-5fc4-457e-98a4-d02a471b6cd1,77642bab-ae8f-46c4-860f-6dc3d675cd66,710,813,completed,2026-01-12T15:01:57.394473,2026-01-12T15:01:57.394473
0ced8cd9-d315-407e-9605-55bb71796ecb,4acb8502-717f-46f6-9fc3-133ea51d195d,3,4,53eab891-a2aa-4770-86fa-b39f22186186,b30d1d3c-6e39-43a2-8c94-4ca5dba200f4,751,823,completed,2026-01-12T15:01:57.394473,2026-01-12T15:01:57.394473
7f4f6b22-6f09-49f4-8e30-8e0fd706480b,4acb8502-717f-46f6-9fc3-133ea51d195d,4,0,53eab891-a2aa-4770-86fa-b39f22186186,7f60fb6b-f4d6-494f-b37e-8794b2064f75,866,792,completed,2026-01-12T15:01:57.394473,2026-01-12T15:01:57.394473
9ebf85e0-c618-4fad-8cd9-9f4948298d42,4acb8502-717f-46f6-9fc3-133ea51d195d,4,1,9cf5ba65-9845-4236-9a49-0fcb200e99fb,cd6f9d99-1e8c-4bdb-b6e2-24c4abe73476,879,818,completed,2026-01-12T15:01:57.394473,2026-01-12T15:01:57.394473
57878d44-04fd-484b-bf4a-6f3f37b37104,4acb8502-717f-46f6-9fc3-133ea51d195d,4,2,23146569-5ebf-42c1-b60b-454c16a5f991,2d4035b0-6277-4b83-a2b6-0fc3d1022901,817,862,completed,2026-01-12T15:01:57.394473,2026-01-12T15:01:57.394473
fd0be96b-fd5c-4ca3-ae14-7a5604723b8a,4acb8502-717f-46f6-9fc3-133ea51d195d,4,3,41ee80cc-e005-4a1c-8470-68fe797fd364,5d0c948b-5fc4-457e-98a4-d02a471b6cd1,836,866,completed,2026-01-12T15:01:57.394473,2026-01-12T15:01:57.394473
01f812ee-8907-4bb5-9967-8aa4f2bae0dc,4acb8502-717f-46f6-9fc3-133ea51d195d,4,4,77642bab-ae8f-46c4-860f-6dc3d675cd66,b30d1d3c-6e39-43a2-8c94-4ca5dba200f4,811,851,completed,2026-01-12T15:01:57.394473,2026-01-12T15:01:57.394473
553dc36e-2101-44d8-a3d4-ec14a91aef0b,4acb8502-717f-46f6-9fc3-133ea51d195d,5,0,41ee80cc-e005-4a1c-8470-68fe797fd364,7f60fb6b-f4d6-494f-b37e-8794b2064f75,790,918,completed,2026-01-12T15:01:57.394473,2026-01-12T15:01:57.394473
3c81fcdf-1691-4db5-b4ad-fdcc145e3f98,4acb8502-717f-46f6-9fc3-133ea51d195d,5,1,77642bab-ae8f-46c4-860f-6dc3d675cd66,9cf5ba65-9845-4236-9a49-0fcb200e99fb,752,867,completed,2026-01-12T15:01:57.394473,2026-01-12T15:01:57.394473
1bdd6a03-9514-4318-a1ec-c3ed16d44050,4acb8502-717f-46f6-9fc3-133ea51d195d,5,2,23146569-5ebf-42c1-b60b-454c16a5f991,b30d1d3c-6e39-43a2-8c94-4ca5dba200f4,885,783,completed,2026-01-12T15:01:57.394473,2026-01-12T15:01:57.394473
37809f76-5aa9-4ed4-bd8b-f3111355534e,4acb8502-717f-46f6-9fc3-133ea51d195d,5,3,2d4035b0-6277-4b83-a2b6-0fc3d1022901,53eab891-a2aa-4770-86fa-b39f22186186,828,809,completed,2026-01-12T15:01:57.394473,2026-01-12T15:01:57.394473
d9404bb5-2f73-4080-907c-2474eea216d3,4acb8502-717f-46f6-9fc3-133ea51d195d,5,4,5d0c948b-5fc4-457e-98a4-d02a471b6cd1,cd6f9d99-1e8c-4bdb-b6e2-24c4abe73476,798,928,completed,2026-01-12T15:01:57.394473,2026-01-12T15:01:57.394473
e4c03de2-9ac6-4168-a6aa-7939f5936dc9,4acb8502-717f-46f6-9fc3-133ea51d195d,6,0,23146569-5ebf-42c1-b60b-454c16a5f991,7f60fb6b-f4d6-494f-b37e-8794b2064f75,820,842,completed,2026-01-12T15:01:57.394473,2026-01-12T15:01:57.394473
56ee446e-a237-4728-b0a2-04a929fa9955,4acb8502-717f-46f6-9fc3-133ea51d195d,6,1,5d0c948b-5fc4-457e-98a4-d02a471b6cd1,9cf5ba65-9845-4236-9a49-0fcb200e99fb,701,813,completed,2026-01-12T15:01:57.394473,2026-01-12T15:01:57.394473
a7c4a365-70df-45c5-8370-6f0fced60aa0,4acb8502-717f-46f6-9fc3-133ea51d195d,6,2,41ee80cc-e005-4a1c-8470-68fe797fd364,cd6f9d99-1e8c-4bdb-b6e2-24c4abe73476,866,707,completed,2026-01-12T15:01:57.394473,2026-01-12T15:01:57.394473
4308da56-e565-4dee-91b3-2b2ce39a85d8,4acb8502-717f-46f6-9fc3-133ea51d195d,6,3,2d4035b0-6277-4b83-a2b6-0fc3d1022901,b30d1d3c-6e39-43a2-8c94-4ca5dba200f4,797,819,completed,2026-01-12T15:01:57.394473,2026-01-12T15:01:57.394473
b59ac30f-4de3-47b6-adcf-d7faf75eb064,4acb8502-717f-46f6-9fc3-133ea51d195d,6,4,53eab891-a2aa-4770-86fa-b39f22186186,77642bab-ae8f-46c4-860f-6dc3d675cd66,793,748,completed,2026-01-12T15:01:57.394473,2026-01-12T15:01:57.394473
d361b8ab-93c9-4dab-88f3-bee6d117a248,4acb8502-717f-46f6-9fc3-133ea51d195d,7,0,2d4035b0-6277-4b83-a2b6-0fc3d1022901,7f60fb6b-f4d6-494f-b37e-8794b2064f75,928,888,completed,2026-01-12T15:01:57.394473,2026-01-12T15:01:57.394473
1b422bb2-9848-4499-b41e-6950b40a42b5,4acb8502-717f-46f6-9fc3-133ea51d195d,7,1,9cf5ba65-9845-4236-9a49-0fcb200e99fb,b30d1d3c-6e39-43a2-8c94-4ca5dba200f4,813,796,completed,2026-01-12T15:01:57.394473,2026-01-12T15:01:57.394473
321864db-71cf-4424-b919-1c1a392a11f5,4acb8502-717f-46f6-9fc3-133ea51d195d,7,2,23146569-5ebf-42c1-b60b-454c16a5f991,cd6f9d99-1e8c-4bdb-b6e2-24c4abe73476,898,732,completed,2026-01-12T15:01:57.394473,2026-01-12T15:01:57.394473
8fd98031-00c9-4316-ab8c-ff541153b186,4acb8502-717f-46f6-9fc3-133ea51d195d,7,3,41ee80cc-e005-4a1c-8470-68fe797fd364,77642bab-ae8f-46c4-860f-6dc3d675cd66,721,763,completed,2026-01-12T15:01:57.394473,2026-01-12T15:01:57.394473
83425320-abda-4c7c-8fc7-e9ad56469b6c,4acb8502-717f-46f6-9fc3-133ea51d195d,7,4,53eab891-a2aa-4770-86fa-b39f22186186,5d0c948b-5fc4-457e-98a4-d02a471b6cd1,753,843,completed,2026-01-12T15:01:57.394473,2026-01-12T15:01:57.394473
6067f785-c9c9-49fe-81c6-ca0d654b5040,4acb8502-717f-46f6-9fc3-133ea51d195d,8,0,7f60fb6b-f4d6-494f-b37e-8794b2064f75,b30d1d3c-6e39-43a2-8c94-4ca5dba200f4,813,796,completed,2026-01-12T15:01:57.395474,2026-01-12T15:01:57.395474
a803358e-82a1-444a-ba01-1fdca6e1f0f4,4acb8502-717f-46f6-9fc3-133ea51d195d,8,1,41ee80cc-e005-4a1c-8470-68fe797fd364,9cf5ba65-9845-4236-9a49-0fcb200e99fb,902,732,completed,2026-01-12T15:01:57.395474,2026-01-12T15:01:57.395474
f96d794b-5263-4d5c-bd59-ad82191c7c9f,4acb8502-717f-46f6-9fc3-133ea51d195d,8,2,23146569-5ebf-42c1-b60b-454c16a5f991,53eab891-a2aa-4770-86fa-b39f22186186,906,762,completed,2026-01-12T15:01:57.395474,2026-01-12T15:01:57.395474
19030d6c-8773-4470-b590-c857cfc4a80b,4acb8502-717f-46f6-9fc3-133ea51d195d,8,3,2d4035b0-6277-4b83-a2b6-0fc3d1022901,5d0c948b-5fc4-457e-98a4-d02a471b6cd1,834,790,completed,2026-01-12T15:01:57.395474,2026-01-12T15:01:57.395474
26732cb6-88b2-4f9d-8996-cbffd7506f00,4acb8502-717f-46f6-9fc3-133ea51d195d,8,4,77642bab-ae8f-46c4-860f-6dc3d675cd66,cd6f9d99-1e8c-4bdb-b6e2-24c4abe73476,841,804,completed,2026-01-12T15:01:57.395474,2026-01-12T15:01:57.395474
f99ce961-6773-47aa-86c6-57e4f66a9412,4acb8502-717f-46f6-9fc3-133ea51d195d,9,0,5d0c948b-5fc4-457e-98a4-d02a471b6cd1,7f60fb6b-f4d6-494f-b37e-8794b2064f75,807,815,completed,2026-01-12T15:01:57.395474,2026-01-12T15:01:57.395474
5d1b31b5-657e-48b8-992b-82be48a8bd3f,4acb8502-717f-46f6-9fc3-133ea51d195d,9,1,2d4035b0-6277-4b83-a2b6-0fc3d1022901,9cf5ba65-9845-4236-9a49-0fcb200e99fb,829,795,completed,2026-01-12T15:01:57.395474,2026-01-12T15:01:57.395474
0a76812d-8585-41ca-8919-68d74ebf4a43,4acb8502-717f-46f6-9fc3-133ea51d195d,9,2,23146569-5ebf-42c1-b60b-454c16a5f991,77642bab-ae8f-46c4-860f-6dc3d675cd66,885,786,completed,2026-01-12T15:01:57.395474,2026-01-12T15:01:57.395474
c34042d3-a096-4876-b814-a7e3e090eab2,4acb8502-717f-46f6-9fc3-133ea51d195d,9,3,41ee80cc-e005-4a1c-8470-68fe797fd364,53eab891-a2aa-4770-86fa-b39f22186186,828,754,completed,2026-01-12T15:01:57.395474,2026-01-12T15:01:57.395474
7bb44eca-388d-4184-be82-f98e21bdfb2b,4acb8502-717f-46f6-9fc3-133ea51d195d,9,4,b30d1d3c-6e39-43a2-8c94-4ca5dba200f4,cd6f9d99-1e8c-4bdb-b6e2-24c4abe73476,780,801,completed,2026-01-12T15:01:57.395474,2026-01-12T15:01:57.395474
5a6b62d0-e316-4004-880a-f609ccb6c6dd,ba0dae88-efda-47b5-b818-b10c64e6f6cc,1,0,5d0c948b-5fc4-457e-98a4-d02a471b6cd1,7f60fb6b-f4d6-494f-b37e-8794b2064f75,910,813,completed,2026-01-12T15:01:57.395474,2026-01-12T15:01:57.395474
9f904f94-33c0-49d5-9e7b-aaeaf10d67f3,ba0dae88-efda-47b5-b818-b10c64e6f6cc,1,1,2d4035b0-6277-4b83-a2b6-0fc3d1022901,9cf5ba65-9845-4236-9a49-0fcb200e99fb,827,723,completed,2026-01-12T15:01:57.395474,2026-01-12T15:01:57.395474
ecd36368-7b7a-47a4-8f76-1a21bec5af5f,ba0dae88-efda-47b5-b818-b10c64e6f6cc,1,2,23146569-5ebf-42c1-b60b-454c16a5f991,77642bab-ae8f-46c4-860f-6dc3d675cd66,683,796,completed,2026-01-12T15:01:57.395474,2026-01-12T15:01:57.395474
f322fa15-de15-4d76-a175-c81fa15dda8e,ba0dae88-efda-47b5-b818-b10c64e6f6cc,1,3,41ee80cc-e005-4a1c-8470-68fe797fd364,53eab891-a2aa-4770-86fa-b39f22186186,960,801,completed,2026-01-12T15:01:57.395474,2026-01-12T15:01:57.395474
acbe6218-c167-4c46-90b6-0631222e48cf,ba0dae88-efda-47b5-b818-b10c64e6f6cc,1,4,b30d1d3c-6e39-43a2-8c94-4ca5dba200f4,cd6f9d99-1e8c-4bdb-b6e2-24c4abe73476,734,774,completed,2026-01-12T15:01:57.395474,2026-01-12T15:01:57.395474
668272ed-f5d9-464f-8a8e-29835abe8b26,ba0dae88-efda-47b5-b818-b10c64e6f6cc,2,0,7f60fb6b-f4d6-494f-b37e-8794b2064f75,b30d1d3c-6e39-43a2-8c94-4ca5dba200f4,800,799,completed,2026-01-12T15:01:57.395474,2026-01-12T15:01:57.395474
3bfdf518-17da-4662-81ec-a24b442b0db0,ba0dae88-efda-47b5-b818-b10c64e6f6cc,2,1,41ee80cc-e005-4a1c-8470-68fe797fd364,9cf5ba65-9845-4236-9a49-0fcb200e99fb,723,736,completed,2026-01-12T15:01:57.395474,2026-01-12T15:01:57.395474
dec644eb-7ff7-4dae-b4a3-477b7582bfd8,ba0dae88-efda-47b5-b818-b10c64e6f6cc,2,2,23146569-5ebf-42c1-b60b-454c16a5f991,53eab891-a2aa-4770-86fa-b39f22186186,784,798,completed,2026-01-12T15:01:57.395474,2026-01-12T15:01:57.395474
c2dee46e-14d3-453f-b48d-a7e71006aaa6,ba0dae88-efda-47b5-b818-b10c64e6f6cc,2,3,2d4035b0-6277-4b83-a2b6-0fc3d1022901,5d0c948b-5fc4-457e-98a4-d02a471b6cd1,847,825,completed,2026-01-12T15:01:57.395474,2026-01-12T15:01:57.395474
bff52995-d448-4bf1-ab67-271178209f7f,ba0dae88-efda-47b5-b818-b10c64e6f6cc,2,4,77642bab-ae8f-46c4-860f-6dc3d675cd66,cd6f9d99-1e8c-4bdb-b6e2-24c4abe73476,702,785,completed,2026-01-12T15:01:57.395474,2026-01-12T15:01:57.395474
60b64b6b-1110-43b5-a716-af0dab00dce7,ba0dae88-efda-47b5-b818-b10c64e6f6cc,3,0,2d4035b0-6277-4b83-a2b6-0fc3d1022901,7f60fb6b-f4d6-494f-b37e-8794b2064f75,777,813,completed,2026-01-12T15:01:57.395474,2026-01-12T15:01:57.395474
bf8a740d-6de1-4c68-91c2-0a4059d5a486,ba0dae88-efda-47b5-b818-b10c64e6f6cc,3,1,9cf5ba65-9845-4236-9a49-0fcb200e99fb,b30d1d3c-6e39-43a2-8c94-4ca5dba200f4,716,726,completed,2026-01-12T15:01:57.395474,2026-01-12T15:01:57.395474
cad0d244-3917-4bcd-a506-575bfad7a1cc,ba0dae88-efda-47b5-b818-b10c64e6f6cc,3,2,23146569-5ebf-42c1-b60b-454c16a5f991,cd6f9d99-1e8c-4bdb-b6e2-24c4abe73476,758,769,completed,2026-01-12T15:01:57.395474,2026-01-12T15:01:57.395474
1152f89a-42ab-4514-b90a-10c866a9556f,ba0dae88-efda-47b5-b818-b10c64e6f6cc,3,3,41ee80cc-e005-4a1c-8470-68fe797fd364,77642bab-ae8f-46c4-860f-6dc3d675cd66,785,823,completed,2026-01-12T15:01:57.395474,2026-01-12T15:01:57.395474
8101ad4c-2548-421b-9b56-e640f7095ba6,ba0dae88-efda-47b5-b818-b10c64e6f6cc,3,4,53eab891-a2aa-4770-86fa-b39f22186186,5d0c948b-5fc4-457e-98a4-d02a471b6cd1,700,814,completed,2026-01-12T15:01:57.395474,2026-01-12T15:01:57.395474
2042fd5c-7723-408d-bdd4-07435413449f,ba0dae88-efda-47b5-b818-b10c64e6f6cc,4,0,23146569-5ebf-42c1-b60b-454c16a5f991,7f60fb6b-f4d6-494f-b37e-8794b2064f75,742,886,completed,2026-01-12T15:01:57.395474,2026-01-12T15:01:57.395474
65366b04-60f4-49a8-8c3d-8c4c6f792399,ba0dae88-efda-47b5-b818-b10c64e6f6cc,4,1,5d0c948b-5fc4-457e-98a4-d02a471b6cd1,9cf5ba65-9845-4236-9a49-0fcb200e99fb,778,730,completed,2026-01-12T15:01:57.395474,2026-01-12T15:01:57.395474
2e72e7e4-a7e7-487b-ba2d-0034533fac45,ba0dae88-efda-47b5-b818-b10c64e6f6cc,4,2,41ee80cc-e005-4a1c-8470-68fe797fd364,cd6f9d99-1e8c-4bdb-b6e2-24c4abe73476,740,672,completed,2026-01-12T15:01:57.395474,2026-01-12T15:01:57.395474
f284dd5f-5da9-4912-9437-2f106ec9b48e,ba0dae88-efda-47b5-b818-b10c64e6f6cc,4,3,2d4035b0-6277-4b83-a2b6-0fc3d1022901,b30d1d3c-6e39-43a2-8c94-4ca5dba200f4,700,756,completed,2026-01-12T15:01:57.395474,2026-01-12T15:01:57.395474
216e1572-4847-4dc4-9d50-82943a63fcb1,ba0dae88-efda-47b5-b818-b10c64e6f6cc,4,4,53eab891-a2aa-4770-86fa-b39f22186186,77642bab-ae8f-46c4-860f-6dc3d675cd66,748,778,completed,2026-01-12T15:01:57.396920,2026-01-12T15:01:57.396920
456921d4-2a00-4385-a16f-e130c9293fef,ba0dae88-efda-47b5-b818-b10c64e6f6cc,5,0,41ee80cc-e005-4a1c-8470-68fe797fd364,7f60fb6b-f4d6-494f-b37e-8794b2064f75,766,802,completed,2026-01-12T15:01:57.396920,2026-01-12T15:01:57.396920
9a1b6f28-c76e-46aa-85c9-254003464304,ba0dae88-efda-47b5-b818-b10c64e6f6cc,5,1,77642bab-ae8f-46c4-860f-6dc3d675cd66,9cf5ba65-9845-4236-9a49-0fcb200e99fb,805,796,completed,2026-01-12T15:01:57.396920,2026-01-12T15:01:57.396920
23aab427-1991-46e4-a463-7100574b048c,ba0dae88-efda-47b5-b818-b10c64e6f6cc,5,2,23146569-5ebf-42c1-b60b-454c16a5f991,b30d1d3c-6e39-43a2-8c94-4ca5dba200f4,811,765,completed,2026-01-12T15:01:57.396920,2026-01-12T15:01:57.396920
88c1cc6b-5cf4-48bd-9726-219e409d7069,ba0dae88-efda-47b5-b818-b10c64e6f6cc,5,3,2d4035b0-6277-4b83-a2b6-0fc3d1022901,53eab891-a2aa-4770-86fa-b39f22186186,778,826,completed,2026-01-12T15:01:57.396920,2026-01-12T15:01:57.396920
8c443aa8-5be8-4db6-960b-4a8e6658dd8e,ba0dae88-efda-47b5-b818-b10c64e6f6cc,5,4,5d0c948b-5fc4-457e-98a4-d02a471b6cd1,cd6f9d99-1e8c-4bdb-b6e2-24c4abe73476,866,861,completed,2026-01-12T15:01:57.396920,2026-01-12T15:01:57.396920
e9cf4669-fdd4-47db-9c1a-45fdbd41a956,ba0dae88-efda-47b5-b818-b10c64e6f6cc,6,0,53eab891-a2aa-4770-86fa-b39f22186186,7f60fb6b-f4d6-494f-b37e-8794b2064f75,813,763,completed,2026-01-12T15:01:57.396920,2026-01-12T15:01:57.396920
82c19c0f-d268-437c-bbcd-925ff1904ab5,ba0dae88-efda-47b5-b818-b10c64e6f6cc,6,1,9cf5ba65-9845-4236-9a49-0fcb200e99fb,cd6f9d99-1e8c-4bdb-b6e2-24c4abe73476,709,724,completed,2026-01-12T15:01:57.396920,2026-01-12T15:01:57.396920
8ce7618d-8d37-412b-82aa-4fdf48c6982c,ba0dae88-efda-47b5-b818-b10c64e6f6cc,6,2,23146569-5ebf-42c1-b60b-454c16a5f991,2d4035b0-6277-4b83-a2b6-0fc3d1022901,726,775,completed,2026-01-12T15:01:57.396920,2026-01-12T15:01:57.396920
4548cf3c-2c20-4434-9661-47448748b7f8,ba0dae88-efda-47b5-b818-b10c64e6f6cc,6,3,41ee80cc-e005-4a1c-8470-68fe797fd364,5d0c948b-5fc4-457e-98a4-d02a471b6cd1,762,863,completed,2026-01-12T15:01:57.396920,2026-01-12T15:01:57.396920
af8c3a48-54ca-49a6-aca6-105c44c9aa85,ba0dae88-efda-47b5-b818-b10c64e6f6cc,6,4,77642bab-ae8f-46c4-860f-6dc3d675cd66,b30d1d3c-6e39-43a2-8c94-4ca5dba200f4,792,765,completed,2026-01-12T15:01:57.396920,2026-01-12T15:01:57.396920
db46c927-6825-40c9-8415-df8af9d6859c,ba0dae88-efda-47b5-b818-b10c64e6f6cc,7,0,7f60fb6b-f4d6-494f-b37e-8794b2064f75,cd6f9d99-1e8c-4bdb-b6e2-24c4abe73476,837,764,completed,2026-01-12T15:01:57.396920,2026-01-12T15:01:57.396920
6e9fbed1-6e28-40e6-a74c-a62fd1040ccf,ba0dae88-efda-47b5-b818-b10c64e6f6cc,7,1,23146569-5ebf-42c1-b60b-454c16a5f991,9cf5ba65-9845-4236-9a49-0fcb200e99fb,768,672,completed,2026-01-12T15:01:57.396920,2026-01-12T15:01:57.396920
d688fdf8-147d-4ee9-ab52-b9e936d584da,ba0dae88-efda-47b5-b818-b10c64e6f6cc,7,2,2d4035b0-6277-4b83-a2b6-0fc3d1022901,41ee80cc-e005-4a1c-8470-68fe797fd364,831,721,completed,2026-01-12T15:01:57.396920,2026-01-12T15:01:57.396920
9a2bf4aa-3089-4d5b-9c3e-719668256c51,ba0dae88-efda-47b5-b818-b10c64e6f6cc,7,3,5d0c948b-5fc4-457e-98a4-d02a471b6cd1,77642bab-ae8f-46c4-860f-6dc3d675cd66,697,707,completed,2026-01-12T15:01:57.396920,2026-01-12T15:01:57.396920
4d18ac0f-0de7-43f7-8363-e86c0aa9b70a,ba0dae88-efda-47b5-b818-b10c64e6f6cc,7,4,53eab891-a2aa-4770-86fa-b39f22186186,b30d1d3c-6e39-43a2-8c94-4ca5dba200f4,740,709,completed,2026-01-12T15:01:57.396920,2026-01-12T15:01:57.396920
c6c9da8b-9937-4467-a4db-00022046d659,ba0dae88-efda-47b5-b818-b10c64e6f6cc,8,0,77642bab-ae8f-46c4-860f-6dc3d675cd66,7f60fb6b-f4d6-494f-b37e-8794b2064f75,692,794,completed,2026-01-12T15:01:57.396920,2026-01-12T15:01:57.396920
b7762daf-4f12-4f00-9b3b-b28361651906,ba0dae88-efda-47b5-b818-b10c64e6f6cc,8,1,53eab891-a2aa-4770-86fa-b39f22186186,9cf5ba65-9845-4236-9a49-0fcb200e99fb,731,697,completed,2026-01-12T15:01:57.396920,2026-01-12T15:01:57.396920
42974c83-ed60-422b-abfb-f0e07a9eddb8,ba0dae88-efda-47b5-b818-b10c64e6f6cc,8,2,23146569-5ebf-42c1-b60b-454c16a5f991,5d0c948b-5fc4-457e-98a4-d02a471b6cd1,680,717,completed,2026-01-12T15:01:57.396920,2026-01-12T15:01:57.396920
50979f61-68d5-4b8e-985f-0d7deaef7507,ba0dae88-efda-47b5-b818-b10c64e6f6cc,8,3,41ee80cc-e005-4a1c-8470-68fe797fd364,b30d1d3c-6e39-43a2-8c94-4ca5dba200f4,753,765,completed,2026-01-12T15:01:57.396920,2026-01-12T15:01:57.396920
1ccda888-177c-47ad-8053-aea64287bca0,ba0dae88-efda-47b5-b818-b10c64e6f6cc,8,4,2d4035b0-6277-4b83-a2b6-0fc3d1022901,cd6f9d99-1e8c-4bdb-b6e2-24c4abe73476,741,709,completed,2026-01-12T15:01:57.396920,2026-01-12T15:01:57.396920
5f6960f1-3562-4d0a-aa2b-8a59e94f59d1,ba0dae88-efda-47b5-b818-b10c64e6f6cc,9,0,7f60fb6b-f4d6-494f-b37e-8794b2064f75,9cf5ba65-9845-4236-9a49-0fcb200e99fb,778,774,completed,2026-01-12T15:01:57.397921,2026-01-12T15:01:57.397921
1a11c8f2-7dd9-46db-b98d-03b15e59f761,ba0dae88-efda-47b5-b818-b10c64e6f6cc,9,1,23146569-5ebf-42c1-b60b-454c16a5f991,41ee80cc-e005-4a1c-8470-68fe797fd364,757,733,completed,2026-01-12T15:01:57.397921,2026-01-12T15:01:57.397921
e4f80b2f-5050-48d8-b7bd-ec97095486c3,ba0dae88-efda-47b5-b818-b10c64e6f6cc,9,2,2d4035b0-6277-4b83-a2b6-0fc3d1022901,77642bab-ae8f-46c4-860f-6dc3d675cd66,883,713,completed,2026-01-12T15:01:57.397921,2026-01-12T15:01:57.397921
288df272-ac7d-443c-85bb-62e3da1445d7,ba0dae88-efda-47b5-b818-b10c64e6f6cc,9,3,5d0c948b-5fc4-457e-98a4-d02a471b6cd1,b30d1d3c-6e39-43a2-8c94-4ca5dba200f4,761,684,completed,2026-01-12T15:01:57.397921,2026-01-12T15:01:57.397921
95eba8c1-91db-41e1-9f1b-61f02226f1a6,ba0dae88-efda-47b5-b818-b10c64e6f6cc,9,4,53eab891-a2aa-4770-86fa-b39f22186186,cd6f9d99-1e8c-4bdb-b6e2-24c4abe73476,708,706,completed,2026-01-12T15:01:57.397921,2026-01-12T15:01:57.397921
dbc98f88-32c5-49e8-a778-1b86d651dad8,46767394-a700-499d-9c01-0c255d199c25,1,0,a8ee0df7-00c0-41f3-a926-08cf89f78c4b,f1ab8766-3974-4295-bae8-e9c1a11e48e0,742,672,completed,2026-01-12T15:01:57.397921,2026-01-12T15:01:57.397921
06dc86d3-ba92-4954-8043-0ce550d6902a,46767394-a700-499d-9c01-0c255d199c25,1,1,58467325-7b00-4561-9be3-6cf661577616,fbc41bf8-56b8-48e6-936e-d4946a511452,638,745,completed,2026-01-12T15:01:57.397921,2026-01-12T15:01:57.397921
4142832e-a099-4ae0-9a7f-4e3c984bb621,46767394-a700-499d-9c01-0c255d199c25,1,2,98242a5f-31e5-49c7-a827-728c64b06441,edc0a6d3-9d5d-4e2f-aba3-014e7d1a76e0,727,733,completed,2026-01-12T15:01:57.397921,2026-01-12T15:01:57.397921
67f5ae9e-9f9d-4d38-b78f-540d5ceacced,46767394-a700-499d-9c01-0c255d199c25,2,0,98242a5f-31e5-49c7-a827-728c64b06441,f1ab8766-3974-4295-bae8-e9c1a11e48e0,665,589,completed,2026-01-12T15:01:57.397921,2026-01-12T15:01:57.397921
082e8d34-6e15-48d3-88b5-ac2ca7ef753b,46767394-a700-499d-9c01-0c255d199c25,2,1,a8ee0df7-00c0-41f3-a926-08cf89f78c4b,fbc41bf8-56b8-48e6-936e-d4946a511452,668,697,completed,2026-01-12T15:01:57.397921,2026-01-12T15:01:57.397921
1f133e9e-4d86-4640-a6cf-2e27d48cb88d,46767394-a700-499d-9c01-0c255d199c25,2,2,58467325-7b00-4561-9be3-6cf661577616,edc0a6d3-9d5d-4e2f-aba3-014e7d1a76e0,677,696,completed,2026-01-12T15:01:57.397921,2026-01-12T15:01:57.397921
2845504c-cd3c-4a49-9a33-d10080b19c69,46767394-a700-499d-9c01-0c255d199c25,3,0,f1ab8766-3974-4295-bae8-e9c1a11e48e0,fbc41bf8-56b8-48e6-936e-d4946a511452,661,713,completed,2026-01-12T15:01:57.397921,2026-01-12T15:01:57.397921
44b72afc-7f6f-46a3-b24c-871387cd6d86,46767394-a700-499d-9c01-0c255d199c25,3,1,a8ee0df7-00c0-41f3-a926-08cf89f78c4b,edc0a6d3-9d5d-4e2f-aba3-014e7d1a76e0,624,765,completed,2026-01-12T15:01:57.397921,2026-01-12T15:01:57.397921
949502a6-20dc-467e-9552-72f99d2679a3,46767394-a700-499d-9c01-0c255d199c25,3,2,58467325-7b00-4561-9be3-6cf661577616,98242a5f-31e5-49c7-a827-728c64b06441,742,755,completed,2026-01-12T15:01:57.397921,2026-01-12T15:01:57.397921
68a6bc51-fa1e-49ec-818f-5071986c5318,46767394-a700-499d-9c01-0c255d199c25,4,0,58467325-7b00-4561-9be3-6cf661577616,f1ab8766-3974-4295-bae8-e9c1a11e48e0,686,607,completed,2026-01-12T15:01:57.397921,2026-01-12T15:01:57.397921
aa33b0e3-ce52-40b3-80d7-94c39eb3fca4,46767394-a700-499d-9c01-0c255d199c25,4,1,edc0a6d3-9d5d-4e2f-aba3-014e7d1a76e0,fbc41bf8-56b8-48e6-936e-d4946a511452,683,748,completed,2026-01-12T15:01:57.397921,2026-01-12T15:01:57.397921
51ea1ed1-3730-407d-a3e3-25c53f99be93,46767394-a700-499d-9c01-0c255d199c25,4,2,98242a5f-31e5-49c7-a827-728c64b06441,a8ee0df7-00c0-41f3-a926-08cf89f78c4b,704,823,completed,2026-01-12T15:01:57.397921,2026-01-12T15:01:57.397921
0a1d580a-0bfc-4397-a790-4e1ecc894127,46767394-a700-499d-9c01-0c255d199c25,5,0,edc0a6d3-9d5d-4e2f-aba3-014e7d1a76e0,f1ab8766-3974-4295-bae8-e9c1a11e48e0,717,705,completed,2026-01-12T15:01:57.397921,2026-01-12T15:01:57.397921
f2e9ea81-ffdb-45bb-9a76-41fbfbbe435e,46767394-a700-499d-9c01-0c255d199c25,5,1,98242a5f-31e5-49c7-a827-728c64b06441,fbc41bf8-56b8-48e6-936e-d4946a511452,681,779,completed,2026-01-12T15:01:57.397921,2026-01-12T15:01:57.397921
e0d69f10-cf55-4335-9cb0-7124235c1205,46767394-a700-499d-9c01-0c255d199c25,5,2,58467325-7b00-4561-9be3-6cf661577616,a8ee0df7-00c0-41f3-a926-08cf89f78c4b,609,702,completed,2026-01-12T15:01:57.397921,2026-01-12T15:01:57.397921
46e3005f-d546-447d-91ba-608e68b1d945,77406c18-9848-420f-94d4-61265809b990,1,0,8a95bfb1-bc69-4e92-9172-792b8b2a9992,ae761449-341f-4cef-802c-25e89c21cb82,754,691,completed,2026-01-12T15:01:57.397921,2026-01-12T15:01:57.397921
00ada3c5-9628-4e96-b72a-47cd689d06e0,77406c18-9848-420f-94d4-61265809b990,1,1,e1c34304-9917-4878-b566-f24db08282de,f45a9d4c-f276-4a60-a81b-45c913ff040e,715,718,completed,2026-01-12T15:01:57.398923,2026-01-12T15:01:57.398923
7e637d6b-b103-41eb-9d8d-cf4fe0cff854,77406c18-9848-420f-94d4-61265809b990,1,2,21baf01b-6d29-4b08-acfd-f9fff9d3cf73,f4f6afae-a3e2-4828-82e9-c6d54f4b38dc,676,758,completed,2026-01-12T15:01:57.398923,2026-01-12T15:01:57.398923
e9272d3d-d291-4bb5-a743-6a19295b7c81,77406c18-9848-420f-94d4-61265809b990,2,0,ae761449-341f-4cef-802c-25e89c21cb82,f4f6afae-a3e2-4828-82e9-c6d54f4b38dc,668,787,completed,2026-01-12T15:01:57.398923,2026-01-12T15:01:57.398923
f0fdcd61-3cb2-4f9d-ac1f-475e216be419,77406c18-9848-420f-94d4-61265809b990,2,1,8a95bfb1-bc69-4e92-9172-792b8b2a9992,f45a9d4c-f276-4a60-a81b-45c913ff040e,592,581,completed,2026-01-12T15:01:57.398923,2026-01-12T15:01:57.398923
b18d6651-7c8f-499a-a03c-22678bd48589,77406c18-9848-420f-94d4-61265809b990,2,2,21baf01b-6d29-4b08-acfd-f9fff9d3cf73,e1c34304-9917-4878-b566-f24db08282de,654,777,completed,2026-01-12T15:01:57.398923,2026-01-12T15:01:57.398923
1986128f-5b7d-480c-a11f-51521eef13c6,77406c18-9848-420f-94d4-61265809b990,3,0,ae761449-341f-4cef-802c-25e89c21cb82,f45a9d4c-f276-4a60-a81b-45c913ff040e,677,579,completed,2026-01-12T15:01:57.398923,2026-01-12T15:01:57.398923
57139284-134d-4dd9-97e7-f31a6ff33f02,77406c18-9848-420f-94d4-61265809b990,3,1,e1c34304-9917-4878-b566-f24db08282de,f4f6afae-a3e2-4828-82e9-c6d54f4b38dc,810,780,completed,2026-01-12T15:01:57.398923,2026-01-12T15:01:57.398923
f8af10d1-370b-430c-ad61-827a31a73eb1,77406c18-9848-420f-94d4-61265809b990,3,2,21baf01b-6d29-4b08-acfd-f9fff9d3cf73,8a95bfb1-bc69-4e92-9172-792b8b2a9992,813,608,completed,2026-01-12T15:01:57.398923,2026-01-12T15:01:57.398923
71111e78-cfd2-4d9d-8942-9ed6be4c20c0,77406c18-9848-420f-94d4-61265809b990,4,0,21baf01b-6d29-4b08-acfd-f9fff9d3cf73,ae761449-341f-4cef-802c-25e89c21cb82,639,703,completed,2026-01-12T15:01:57.398923,2026-01-12T15:01:57.398923
92f05026-b461-4774-be69-aa0b5fd2677a,77406c18-9848-420f-94d4-61265809b990,4,1,f45a9d4c-f276-4a60-a81b-45c913ff040e,f4f6afae-a3e2-4828-82e9-c6d54f4b38dc,669,663,completed,2026-01-12T15:01:57.398923,2026-01-12T15:01:57.398923
ce386afa-255c-412d-9890-eae4a98659ef,77406c18-9848-420f-94d4-61265809b990,4,2,8a95bfb1-bc69-4e92-9172-792b8b2a9992,e1c34304-9917-4878-b566-f24db08282de,640,728,completed,2026-01-12T15:01:57.398923,2026-01-12T15:01:57.398923
bfe4a5c4-21f9-4b39-b41a-79a7f3eb06f1,77406c18-9848-420f-94d4-61265809b990,5,0,ae761449-341f-4cef-802c-25e89c21cb82,e1c34304-9917-4878-b566-f24db08282de,542,636,completed,2026-01-12T15:01:57.398923,2026-01-12T15:01:57.398923
bcd092da-35a5-4d41-a4f9-861d2186290a,77406c18-9848-420f-94d4-61265809b990,5,1,21baf01b-6d29-4b08-acfd-f9fff9d3cf73,f45a9d4c-f276-4a60-a81b-45c913ff040e,711,629,completed,2026-01-12T15:01:57.398923,2026-01-12T15:01:57.398923
dadb6567-7e0b-41a4-afb2-7f2c570b72f3,77406c18-9848-420f-94d4-61265809b990,5,2,8a95bfb1-bc69-4e92-9172-792b8b2a9992,f4f6afae-a3e2-4828-82e9-c6d54f4b38dc,627,813,completed,2026-01-12T15:01:57.398923,2026-01-12T15:01:57.398923
415124ff-5188-4574-b7b7-83762fba8d51,7b058c15-da8f-4b3c-a2a6-72aff5473f64,1,0,07515e81-da31-4f4a-8d28-fd3c0605b3f7,cee9c410-2b57-4883-be76-6cf23e71ccf3,784,725,completed,2026-01-12T15:01:57.398923,2026-01-12T15:01:57.398923
6ad76c84-ef2c-42a9-841b-7a25143d8dc8,7b058c15-da8f-4b3c-a2a6-72aff5473f64,1,1,79d19535-8d40-4d01-983e-6554fdeaf6b9,9b954300-a1ce-45cc-8fd4-09d6f75e2cab,704,651,completed,2026-01-12T15:01:57.398923,2026-01-12T15:01:57.398923
fdc80a8e-e299-45e5-8b28-0137efe9114d,7b058c15-da8f-4b3c-a2a6-72aff5473f64,1,2,4d1d2588-3907-4ffb-ba31-1864fc19c260,db1044ca-b4b9-4e78-ab4d-f09d6cc9de5a,665,684,completed,2026-01-12T15:01:57.398923,2026-01-12T15:01:57.398923
50b33ec5-9cdd-4199-9258-4ff97fb70760,7b058c15-da8f-4b3c-a2a6-72aff5473f64,1,3,b8ac74f0-3852-44e6-81ce-727de1730a25,f0e593d3-f68c-4938-b766-bc6ca37e9b2c,704,649,completed,2026-01-12T15:01:57.398923,2026-01-12T15:01:57.398923
807e95cc-9f0a-4835-aec8-ad530df133a3,7b058c15-da8f-4b3c-a2a6-72aff5473f64,1,4,6c357e0b-6fca-47c6-afec-972299308aff,c33bac9e-88f5-43ff-87fb-edf2dc3210e5,645,726,completed,2026-01-12T15:01:57.398923,2026-01-12T15:01:57.398923
e98f9ace-e84d-4de0-9f22-3091a2589c3b,7b058c15-da8f-4b3c-a2a6-72aff5473f64,2,0,07515e81-da31-4f4a-8d28-fd3c0605b3f7,f0e593d3-f68c-4938-b766-bc6ca37e9b2c,732,660,completed,2026-01-12T15:01:57.398923,2026-01-12T15:01:57.398923
81d08d1b-cda7-46e8-b575-40e15449c1cf,7b058c15-da8f-4b3c-a2a6-72aff5473f64,2,1,79d19535-8d40-4d01-983e-6554fdeaf6b9,db1044ca-b4b9-4e78-ab4d-f09d6cc9de5a,711,678,completed,2026-01-12T15:01:57.399924,2026-01-12T15:01:57.399924
edb10fd4-56b2-4301-939e-76136836b620,7b058c15-da8f-4b3c-a2a6-72aff5473f64,2,2,c33bac9e-88f5-43ff-87fb-edf2dc3210e5,cee9c410-2b57-4883-be76-6cf23e71ccf3,666,702,completed,2026-01-12T15:01:57.399924,2026-01-12T15:01:57.399924
6a801da8-f4e8-4623-9082-302e3e117460,7b058c15-da8f-4b3c-a2a6-72aff5473f64,2,3,6c357e0b-6fca-47c6-afec-972299308aff,b8ac74f0-3852-44e6-81ce-727de1730a25,681,703,completed,2026-01-12T15:01:57.399924,2026-01-12T15:01:57.399924
49174f71-d372-4ee0-99c6-2a58f1e915f7,7b058c15-da8f-4b3c-a2a6-72aff5473f64,2,4,4d1d2588-3907-4ffb-ba31-1864fc19c260,9b954300-a1ce-45cc-8fd4-09d6f75e2cab,802,719,completed,2026-01-12T15:01:57.399924,2026-01-12T15:01:57.399924
c113e79c-b40b-4b2b-b2ca-2f21b7896a21,7b058c15-da8f-4b3c-a2a6-72aff5473f64,3,0,07515e81-da31-4f4a-8d28-fd3c0605b3f7,9b954300-a1ce-45cc-8fd4-09d6f75e2cab,801,727,completed,2026-01-12T15:01:57.399924,2026-01-12T15:01:57.399924
63c7c359-14e2-44bc-8bbf-15ef9b234556,7b058c15-da8f-4b3c-a2a6-72aff5473f64,3,1,6c357e0b-6fca-47c6-afec-972299308aff,79d19535-8d40-4d01-983e-6554fdeaf6b9,723,777,completed,2026-01-12T15:01:57.399924,2026-01-12T15:01:57.399924
fb6021d9-bf23-4b44-8096-2b5830ec6b93,7b058c15-da8f-4b3c-a2a6-72aff5473f64,3,2,b8ac74f0-3852-44e6-81ce-727de1730a25,cee9c410-2b57-4883-be76-6cf23e71ccf3,692,663,completed,2026-01-12T15:01:57.399924,2026-01-12T15:01:57.399924
ee931020-abdd-472a-bfb8-db3a9b196f12,7b058c15-da8f-4b3c-a2a6-72aff5473f64,3,3,db1044ca-b4b9-4e78-ab4d-f09d6cc9de5a,f0e593d3-f68c-4938-b766-bc6ca37e9b2c,734,838,completed,2026-01-12T15:01:57.399924,2026-01-12T15:01:57.399924
91dabf55-bed7-448d-8a93-12806072394d,7b058c15-da8f-4b3c-a2a6-72aff5473f64,3,4,4d1d2588-3907-4ffb-ba31-1864fc19c260,c33bac9e-88f5-43ff-87fb-edf2dc3210e5,738,773,completed,2026-01-12T15:01:57.399924,2026-01-12T15:01:57.399924
89b674cf-8db5-4f46-af37-a50f4e6d3ef3,7b058c15-da8f-4b3c-a2a6-72aff5473f64,4,0,07515e81-da31-4f4a-8d28-fd3c0605b3f7,b8ac74f0-3852-44e6-81ce-727de1730a25,751,716,completed,2026-01-12T15:01:57.399924,2026-01-12T15:01:57.399924
b307d275-5cab-4177-9d11-97a728e9a431,7b058c15-da8f-4b3c-a2a6-72aff5473f64,4,1,4d1d2588-3907-4ffb-ba31-1864fc19c260,79d19535-8d40-4d01-983e-6554fdeaf6b9,727,817,completed,2026-01-12T15:01:57.399924,2026-01-12T15:01:57.399924
9fb822be-3e1b-4b0e-b953-f7bf25c1aa5b,7b058c15-da8f-4b3c-a2a6-72aff5473f64,4,2,cee9c410-2b57-4883-be76-6cf23e71ccf3,f0e593d3-f68c-4938-b766-bc6ca37e9b2c,743,716,completed,2026-01-12T15:01:57.399924,2026-01-12T15:01:57.399924
f2793828-3827-4330-8b1f-799e18d9d044,7b058c15-da8f-4b3c-a2a6-72aff5473f64,4,3,c33bac9e-88f5-43ff-87fb-edf2dc3210e5,db1044ca-b4b9-4e78-ab4d-f09d6cc9de5a,720,678,completed,2026-01-12T15:01:57.399924,2026-01-12T15:01:57.399924
49ed06a8-79c7-4233-a2fe-3248570b21ae,7b058c15-da8f-4b3c-a2a6-72aff5473f64,4,4,6c357e0b-6fca-47c6-afec-972299308aff,9b954300-a1ce-45cc-8fd4-09d6f75e2cab,774,684,completed,2026-01-12T15:01:57.399924,2026-01-12T15:01:57.399924
d66d2082-d7d2-47aa-8b67-9eef2cc4cf13,7b058c15-da8f-4b3c-a2a6-72aff5473f64,5,0,07515e81-da31-4f4a-8d28-fd3c0605b3f7,c33bac9e-88f5-43ff-87fb-edf2dc3210e5,742,720,completed,2026-01-12T15:01:57.399924,2026-01-12T15:01:57.399924
1a74695e-66b6-474f-94af-24256013f551,7b058c15-da8f-4b3c-a2a6-72aff5473f64,5,1,79d19535-8d40-4d01-983e-6554fdeaf6b9,cee9c410-2b57-4883-be76-6cf23e71ccf3,797,707,completed,2026-01-12T15:01:57.399924,2026-01-12T15:01:57.399924
401dcebf-bd9d-4653-a922-13bff6d65a82,7b058c15-da8f-4b3c-a2a6-72aff5473f64,5,2,9b954300-a1ce-45cc-8fd4-09d6f75e2cab,db1044ca-b4b9-4e78-ab4d-f09d6cc9de5a,721,712,completed,2026-01-12T15:01:57.399924,2026-01-12T15:01:57.399924
669924cf-9064-4dcf-8110-5a1d2b05ffa3,7b058c15-da8f-4b3c-a2a6-72aff5473f64,5,3,4d1d2588-3907-4ffb-ba31-1864fc19c260,b8ac74f0-3852-44e6-81ce-727de1730a25,714,687,completed,2026-01-12T15:01:57.399924,2026-01-12T15:01:57.399924
f46b790a-4483-47f7-8a6c-789471e5b033,7b058c15-da8f-4b3c-a2a6-72aff5473f64,5,4,6c357e0b-6fca-47c6-afec-972299308aff,f0e593d3-f68c-4938-b766-bc6ca37e9b2c,668,763,completed,2026-01-12T15:01:57.399924,2026-01-12T15:01:57.399924
d2a87f3c-435d-4bde-98ba-c57c3b4b0f2e,7b058c15-da8f-4b3c-a2a6-72aff5473f64,6,0,07515e81-da31-4f4a-8d28-fd3c0605b3f7,4d1d2588-3907-4ffb-ba31-1864fc19c260,632,729,completed,2026-01-12T15:01:57.399924,2026-01-12T15:01:57.399924
e05ae340-1c51-4147-b299-a7188dc0536d,7b058c15-da8f-4b3c-a2a6-72aff5473f64,6,1,79d19535-8d40-4d01-983e-6554fdeaf6b9,b8ac74f0-3852-44e6-81ce-727de1730a25,679,622,completed,2026-01-12T15:01:57.401203,2026-01-12T15:01:57.401203
a4792761-fb99-4844-8354-112fdbb3fe77,7b058c15-da8f-4b3c-a2a6-72aff5473f64,6,2,9b954300-a1ce-45cc-8fd4-09d6f75e2cab,cee9c410-2b57-4883-be76-6cf23e71ccf3,647,752,completed,2026-01-12T15:01:57.401203,2026-01-12T15:01:57.401203
5d33edf1-9e05-4d74-97aa-567cee9520e1,7b058c15-da8f-4b3c-a2a6-72aff5473f64,6,3,6c357e0b-6fca-47c6-afec-972299308aff,db1044ca-b4b9-4e78-ab4d-f09d6cc9de5a,717,689,completed,2026-01-12T15:01:57.401203,2026-01-12T15:01:57.401203
f0b4c3f3-e23b-4ae8-9092-eb04bd43b272,7b058c15-da8f-4b3c-a2a6-72aff5473f64,6,4,c33bac9e-88f5-43ff-87fb-edf2dc3210e5,f0e593d3-f68c-4938-b766-bc6ca37e9b2c,786,649,completed,2026-01-12T15:01:57.401203,2026-01-12T15:01:57.401203
6ef43b3d-49ec-4263-954e-1929d02d32c1,7b058c15-da8f-4b3c-a2a6-72aff5473f64,7,0,07515e81-da31-4f4a-8d28-fd3c0605b3f7,db1044ca-b4b9-4e78-ab4d-f09d6cc9de5a,716,623,completed,2026-01-12T15:01:57.401203,2026-01-12T15:01:57.401203
e0dab629-37fd-4dcd-9b6c-3eb886c1efb5,7b058c15-da8f-4b3c-a2a6-72aff5473f64,7,1,79d19535-8d40-4d01-983e-6554fdeaf6b9,c33bac9e-88f5-43ff-87fb-edf2dc3210e5,776,681,completed,2026-01-12T15:01:57.401203,2026-01-12T15:01:57.401203
d2942354-9fac-4a64-8ace-9cb9f2919de3,7b058c15-da8f-4b3c-a2a6-72aff5473f64,7,2,6c357e0b-6fca-47c6-afec-972299308aff,cee9c410-2b57-4883-be76-6cf23e71ccf3,730,665,completed,2026-01-12T15:01:57.401203,2026-01-12T15:01:57.401203
526b67fc-3e87-4171-8e3a-ac486e2d5b69,7b058c15-da8f-4b3c-a2a6-72aff5473f64,7,3,9b954300-a1ce-45cc-8fd4-09d6f75e2cab,b8ac74f0-3852-44e6-81ce-727de1730a25,688,665,completed,2026-01-12T15:01:57.401203,2026-01-12T15:01:57.401203
6c6a5273-ae05-4443-ace3-1b23fbfe7bcd,7b058c15-da8f-4b3c-a2a6-72aff5473f64,7,4,4d1d2588-3907-4ffb-ba31-1864fc19c260,f0e593d3-f68c-4938-b766-bc6ca37e9b2c,696,699,completed,2026-01-12T15:01:57.401203,2026-01-12T15:01:57.401203
a8d30720-8b17-4b78-a939-5c066cdeb972,7b058c15-da8f-4b3c-a2a6-72aff5473f64,8,0,07515e81-da31-4f4a-8d28-fd3c0605b3f7,79d19535-8d40-4d01-983e-6554fdeaf6b9,743,745,completed,2026-01-12T15:01:57.401203,2026-01-12T15:01:57.401203
da9521f7-47ee-486d-b019-fab6aaca8217,7b058c15-da8f-4b3c-a2a6-72aff5473f64,8,1,cee9c410-2b57-4883-be76-6cf23e71ccf3,db1044ca-b4b9-4e78-ab4d-f09d6cc9de5a,673,712,completed,2026-01-12T15:01:57.401203,2026-01-12T15:01:57.401203
0c9b185b-72b6-44cc-8b22-e2defe75025a,7b058c15-da8f-4b3c-a2a6-72aff5473f64,8,2,b8ac74f0-3852-44e6-81ce-727de1730a25,c33bac9e-88f5-43ff-87fb-edf2dc3210e5,741,798,completed,2026-01-12T15:01:57.401203,2026-01-12T15:01:57.401203
e8dff1bf-bf2e-4655-b0b8-0056b106959f,7b058c15-da8f-4b3c-a2a6-72aff5473f64,8,3,9b954300-a1ce-45cc-8fd4-09d6f75e2cab,f0e593d3-f68c-4938-b766-bc6ca37e9b2c,694,710,completed,2026-01-12T15:01:57.401203,2026-01-12T15:01:57.401203
f15bb3e9-e9cc-424b-9631-9709b21fb828,7b058c15-da8f-4b3c-a2a6-72aff5473f64,8,4,4d1d2588-3907-4ffb-ba31-1864fc19c260,6c357e0b-6fca-47c6-afec-972299308aff,725,655,completed,2026-01-12T15:01:57.401203,2026-01-12T15:01:57.401203
3675c0b2-fe12-4587-bd4d-5a153c295bd4,7b058c15-da8f-4b3c-a2a6-72aff5473f64,9,0,07515e81-da31-4f4a-8d28-fd3c0605b3f7,6c357e0b-6fca-47c6-afec-972299308aff,779,694,completed,2026-01-12T15:01:57.401203,2026-01-12T15:01:57.401203
44fb47dc-329e-49d1-ad73-9938fbd89389,7b058c15-da8f-4b3c-a2a6-72aff5473f64,9,1,79d19535-8d40-4d01-983e-6554fdeaf6b9,f0e593d3-f68c-4938-b766-bc6ca37e9b2c,823,703,completed,2026-01-12T15:01:57.401203,2026-01-12T15:01:57.401203
db8cee13-44ce-4f27-a4c6-f79576b02141,7b058c15-da8f-4b3c-a2a6-72aff5473f64,9,2,4d1d2588-3907-4ffb-ba31-1864fc19c260,cee9c410-2b57-4883-be76-6cf23e71ccf3,615,621,completed,2026-01-12T15:01:57.401203,2026-01-12T15:01:57.401203
4b94ba56-ac34-4f69-ad9d-7494d0543673,7b058c15-da8f-4b3c-a2a6-72aff5473f64,9,3,b8ac74f0-3852-44e6-81ce-727de1730a25,db1044ca-b4b9-4e78-ab4d-f09d6cc9de5a,684,799,completed,2026-01-12T15:01:57.401203,2026-01-12T15:01:57.401203
dc1151bf-8433-4d66-bb7f-ca349963a049,7b058c15-da8f-4b3c-a2a6-72aff5473f64,9,4,9b954300-a1ce-45cc-8fd4-09d6f75e2cab,c33bac9e-88f5-43ff-87fb-edf2dc3210e5,710,669,completed,2026-01-12T15:01:57.402282,2026-01-12T15:01:57.402282
fcd82e9b-b2fd-4a7d-bf87-71eeb389c9be,c5551109-96a1-49f2-849a-d592fc73973d,1,0,07515e81-da31-4f4a-8d28-fd3c0605b3f7,6c357e0b-6fca-47c6-afec-972299308aff,718,638,completed,2026-01-12T15:01:57.402282,2026-01-12T15:01:57.402282
b01052b0-7177-4470-ba3f-9d0fa97f684e,c5551109-96a1-49f2-849a-d592fc73973d,1,1,b8ac74f0-3852-44e6-81ce-727de1730a25,db1044ca-b4b9-4e78-ab4d-f09d6cc9de5a,865,786,completed,2026-01-12T15:01:57.402282,2026-01-12T15:01:57.402282
4cc948df-8b39-434c-a418-cc7ea3cc0c67,c5551109-96a1-49f2-849a-d592fc73973d,1,2,79d19535-8d40-4d01-983e-6554fdeaf6b9,f0e593d3-f68c-4938-b766-bc6ca37e9b2c,891,819,completed,2026-01-12T15:01:57.402282,2026-01-12T15:01:57.402282
a61835c2-4888-481e-b4a2-cb77cabcba5e,c5551109-96a1-49f2-849a-d592fc73973d,1,3,9b954300-a1ce-45cc-8fd4-09d6f75e2cab,c33bac9e-88f5-43ff-87fb-edf2dc3210e5,704,796,completed,2026-01-12T15:01:57.402282,2026-01-12T15:01:57.402282
2b2f8992-ebc4-4d55-b8a0-be58c097cfa2,c5551109-96a1-49f2-849a-d592fc73973d,1,4,4d1d2588-3907-4ffb-ba31-1864fc19c260,cee9c410-2b57-4883-be76-6cf23e71ccf3,872,754,completed,2026-01-12T15:01:57.402282,2026-01-12T15:01:57.402282
19e9a7ee-5d66-4009-b110-763548478469,c5551109-96a1-49f2-849a-d592fc73973d,2,0,07515e81-da31-4f4a-8d28-fd3c0605b3f7,79d19535-8d40-4d01-983e-6554fdeaf6b9,824,845,completed,2026-01-12T15:01:57.402282,2026-01-12T15:01:57.402282
661d8400-4298-4526-8b5e-de588dba7a0e,c5551109-96a1-49f2-849a-d592fc73973d,2,1,b8ac74f0-3852-44e6-81ce-727de1730a25,c33bac9e-88f5-43ff-87fb-edf2dc3210e5,862,841,completed,2026-01-12T15:01:57.402282,2026-01-12T15:01:57.402282
fb6c23f7-98eb-4d74-bdf3-65bf5814a36b,c5551109-96a1-49f2-849a-d592fc73973d,2,2,9b954300-a1ce-45cc-8fd4-09d6f75e2cab,f0e593d3-f68c-4938-b766-bc6ca37e9b2c,752,863,completed,2026-01-12T15:01:57.402282,2026-01-12T15:01:57.402282
9afb4ac5-c857-4293-90e0-d448cc69c4a2,c5551109-96a1-49f2-849a-d592fc73973d,2,3,4d1d2588-3907-4ffb-ba31-1864fc19c260,6c357e0b-6fca-47c6-afec-972299308aff,794,689,completed,2026-01-12T15:01:57.402282,2026-01-12T15:01:57.402282
6aa909b9-4b32-4845-ad63-9cb85021cf3c,c5551109-96a1-49f2-849a-d592fc73973d,2,4,cee9c410-2b57-4883-be76-6cf23e71ccf3,db1044ca-b4b9-4e78-ab4d-f09d6cc9de5a,717,761,completed,2026-01-12T15:01:57.402282,2026-01-12T15:01:57.402282
c0961a9d-d7d6-46a5-94ef-6d98222403ef,c5551109-96a1-49f2-849a-d592fc73973d,3,0,07515e81-da31-4f4a-8d28-fd3c0605b3f7,db1044ca-b4b9-4e78-ab4d-f09d6cc9de5a,781,722,completed,2026-01-12T15:01:57.402282,2026-01-12T15:01:57.402282
086a3acb-22f1-43c6-b434-95d75df54bde,c5551109-96a1-49f2-849a-d592fc73973d,3,1,9b954300-a1ce-45cc-8fd4-09d6f75e2cab,b8ac74f0-3852-44e6-81ce-727de1730a25,792,832,completed,2026-01-12T15:01:57.402282,2026-01-12T15:01:57.402282
949bac2e-511e-4875-a108-63f718b3cac4,c5551109-96a1-49f2-849a-d592fc73973d,3,2,79d19535-8d40-4d01-983e-6554fdeaf6b9,c33bac9e-88f5-43ff-87fb-edf2dc3210e5,794,780,completed,2026-01-12T15:01:57.402282,2026-01-12T15:01:57.402282
ab7c0fb1-4a7d-4f88-b28a-d832b14bb2f4,c5551109-96a1-49f2-849a-d592fc73973d,3,3,4d1d2588-3907-4ffb-ba31-1864fc19c260,f0e593d3-f68c-4938-b766-bc6ca37e9b2c,761,880,completed,2026-01-12T15:01:57.402282,2026-01-12T15:01:57.402282
bd5054f3-72db-43b4-890a-960a31019817,c5551109-96a1-49f2-849a-d592fc73973d,3,4,6c357e0b-6fca-47c6-afec-972299308aff,cee9c410-2b57-4883-be76-6cf23e71ccf3,721,870,completed,2026-01-12T15:01:57.402282,2026-01-12T15:01:57.402282
54a59905-7f16-4367-931f-6701937b3fd2,c5551109-96a1-49f2-849a-d592fc73973d,4,0,07515e81-da31-4f4a-8d28-fd3c0605b3f7,4d1d2588-3907-4ffb-ba31-1864fc19c260,764,822,completed,2026-01-12T15:01:57.402282,2026-01-12T15:01:57.402282
815372ee-3d3d-45cc-8402-4006a7031562,c5551109-96a1-49f2-849a-d592fc73973d,4,1,79d19535-8d40-4d01-983e-6554fdeaf6b9,b8ac74f0-3852-44e6-81ce-727de1730a25,830,734,completed,2026-01-12T15:01:57.402282,2026-01-12T15:01:57.402282
9c01cb62-2177-4441-812e-da1d81a83032,c5551109-96a1-49f2-849a-d592fc73973d,4,2,9b954300-a1ce-45cc-8fd4-09d6f75e2cab,cee9c410-2b57-4883-be76-6cf23e71ccf3,732,795,completed,2026-01-12T15:01:57.402282,2026-01-12T15:01:57.402282
d505cb5c-2366-4edb-a50e-e0eb12888fa0,c5551109-96a1-49f2-849a-d592fc73973d,4,3,c33bac9e-88f5-43ff-87fb-edf2dc3210e5,f0e593d3-f68c-4938-b766-bc6ca37e9b2c,834,869,completed,2026-01-12T15:01:57.403284,2026-01-12T15:01:57.403284
d7e1cde8-898a-43bf-bcd1-2165dd0a66d5,c5551109-96a1-49f2-849a-d592fc73973d,4,4,6c357e0b-6fca-47c6-afec-972299308aff,db1044ca-b4b9-4e78-ab4d-f09d6cc9de5a,800,686,completed,2026-01-12T15:01:57.403284,2026-01-12T15:01:57.403284
be075877-6925-45d1-aef1-e48021e2056e,c5551109-96a1-49f2-849a-d592fc73973d,5,0,07515e81-da31-4f4a-8d28-fd3c0605b3f7,c33bac9e-88f5-43ff-87fb-edf2dc3210e5,867,826,completed,2026-01-12T15:01:57.403284,2026-01-12T15:01:57.403284
725fcd2e-c392-4384-b3b5-d47a96c63a85,c5551109-96a1-49f2-849a-d592fc73973d,5,1,4d1d2588-3907-4ffb-ba31-1864fc19c260,b8ac74f0-3852-44e6-81ce-727de1730a25,815,846,completed,2026-01-12T15:01:57.403284,2026-01-12T15:01:57.403284
f7ba10c7-0cf9-472f-a613-2c088f974e5f,c5551109-96a1-49f2-849a-d592fc73973d,5,2,79d19535-8d40-4d01-983e-6554fdeaf6b9,cee9c410-2b57-4883-be76-6cf23e71ccf3,917,834,completed,2026-01-12T15:01:57.403284,2026-01-12T15:01:57.403284
d71ad048-dfbe-4ef7-9ae7-acc44808c265,c5551109-96a1-49f2-849a-d592fc73973d,5,3,9b954300-a1ce-45cc-8fd4-09d6f75e2cab,db1044ca-b4b9-4e78-ab4d-f09d6cc9de5a,753,801,completed,2026-01-12T15:01:57.403284,2026-01-12T15:01:57.403284
37fd1257-a409-4ff4-b848-b1ea79964b8c,c5551109-96a1-49f2-849a-d592fc73973d,5,4,6c357e0b-6fca-47c6-afec-972299308aff,f0e593d3-f68c-4938-b766-bc6ca37e9b2c,765,806,completed,2026-01-12T15:01:57.403284,2026-01-12T15:01:57.403284
d02e6a3d-17e6-4b29-a58d-d884810bbf0a,c5551109-96a1-49f2-849a-d592fc73973d,6,0,07515e81-da31-4f4a-8d28-fd3c0605b3f7,b8ac74f0-3852-44e6-81ce-727de1730a25,717,838,completed,2026-01-12T15:01:57.403284,2026-01-12T15:01:57.403284
fead9587-a8a4-4e3c-81a6-92c2b9214663,c5551109-96a1-49f2-849a-d592fc73973d,6,1,4d1d2588-3907-4ffb-ba31-1864fc19c260,79d19535-8d40-4d01-983e-6554fdeaf6b9,788,862,completed,2026-01-12T15:01:57.403284,2026-01-12T15:01:57.403284
71849baf-2568-45cd-8fe0-5fe1b2ac4879,c5551109-96a1-49f2-849a-d592fc73973d,6,2,6c357e0b-6fca-47c6-afec-972299308aff,9b954300-a1ce-45cc-8fd4-09d6f75e2cab,804,713,completed,2026-01-12T15:01:57.403284,2026-01-12T15:01:57.403284
490fc893-9679-44ee-8633-63e38237e192,c5551109-96a1-49f2-849a-d592fc73973d,6,3,c33bac9e-88f5-43ff-87fb-edf2dc3210e5,db1044ca-b4b9-4e78-ab4d-f09d6cc9de5a,786,833,completed,2026-01-12T15:01:57.403284,2026-01-12T15:01:57.403284
247a137d-9101-44ee-8725-b71a7594c8ec,c5551109-96a1-49f2-849a-d592fc73973d,6,4,cee9c410-2b57-4883-be76-6cf23e71ccf3,f0e593d3-f68c-4938-b766-bc6ca37e9b2c,709,835,completed,2026-01-12T15:01:57.403284,2026-01-12T15:01:57.403284
6faa9820-b611-4029-9a68-94132ad1c006,c5551109-96a1-49f2-849a-d592fc73973d,7,0,07515e81-da31-4f4a-8d28-fd3c0605b3f7,9b954300-a1ce-45cc-8fd4-09d6f75e2cab,756,783,completed,2026-01-12T15:01:57.403284,2026-01-12T15:01:57.403284
8ad71470-3e03-4fd1-a84c-c04f0298325c,c5551109-96a1-49f2-849a-d592fc73973d,7,1,b8ac74f0-3852-44e6-81ce-727de1730a25,cee9c410-2b57-4883-be76-6cf23e71ccf3,807,822,completed,2026-01-12T15:01:57.403284,2026-01-12T15:01:57.403284
20f61646-ce89-4943-8596-fee7efc8e044,c5551109-96a1-49f2-849a-d592fc73973d,7,2,6c357e0b-6fca-47c6-afec-972299308aff,79d19535-8d40-4d01-983e-6554fdeaf6b9,843,861,completed,2026-01-12T15:01:57.403284,2026-01-12T15:01:57.403284
27617ec8-ef35-4974-a066-20329bea8430,c5551109-96a1-49f2-849a-d592fc73973d,7,3,4d1d2588-3907-4ffb-ba31-1864fc19c260,c33bac9e-88f5-43ff-87fb-edf2dc3210e5,782,752,completed,2026-01-12T15:01:57.403284,2026-01-12T15:01:57.403284
a0ba79cd-2ce6-41e8-8e6a-6a5fe608e88c,c5551109-96a1-49f2-849a-d592fc73973d,7,4,db1044ca-b4b9-4e78-ab4d-f09d6cc9de5a,f0e593d3-f68c-4938-b766-bc6ca37e9b2c,709,820,completed,2026-01-12T15:01:57.404285,2026-01-12T15:01:57.404285
b2dfe1e1-6b34-4156-ae5a-c907cb68a251,c5551109-96a1-49f2-849a-d592fc73973d,8,0,07515e81-da31-4f4a-8d28-fd3c0605b3f7,f0e593d3-f68c-4938-b766-bc6ca37e9b2c,834,873,completed,2026-01-12T15:01:57.404285,2026-01-12T15:01:57.404285
aee02d77-a557-405b-8f11-d7626a25c746,c5551109-96a1-49f2-849a-d592fc73973d,8,1,6c357e0b-6fca-47c6-afec-972299308aff,b8ac74f0-3852-44e6-81ce-727de1730a25,927,768,completed,2026-01-12T15:01:57.404285,2026-01-12T15:01:57.404285
9ed0d031-3a2d-4b51-b900-dd2575b39ef9,c5551109-96a1-49f2-849a-d592fc73973d,8,2,79d19535-8d40-4d01-983e-6554fdeaf6b9,db1044ca-b4b9-4e78-ab4d-f09d6cc9de5a,779,720,completed,2026-01-12T15:01:57.404285,2026-01-12T15:01:57.404285
d277b32f-d1b9-4838-ad2b-ff46a06d0061,c5551109-96a1-49f2-849a-d592fc73973d,8,3,4d1d2588-3907-4ffb-ba31-1864fc19c260,9b954300-a1ce-45cc-8fd4-09d6f75e2cab,740,731,completed,2026-01-12T15:01:57.404285,2026-01-12T15:01:57.404285
a136c26f-cf9d-4ae4-a824-8eac2226bf54,c5551109-96a1-49f2-849a-d592fc73973d,8,4,c33bac9e-88f5-43ff-87fb-edf2dc3210e5,cee9c410-2b57-4883-be76-6cf23e71ccf3,801,764,completed,2026-01-12T15:01:57.404285,2026-01-12T15:01:57.404285
941f57ce-7d64-497b-9364-60041bd2cc4d,c5551109-96a1-49f2-849a-d592fc73973d,9,0,07515e81-da31-4f4a-8d28-fd3c0605b3f7,cee9c410-2b57-4883-be76-6cf23e71ccf3,868,776,completed,2026-01-12T15:01:57.404285,2026-01-12T15:01:57.404285
864ab1b9-e47e-4c44-afca-6df37190fd38,c5551109-96a1-49f2-849a-d592fc73973d,9,1,b8ac74f0-3852-44e6-81ce-727de1730a25,f0e593d3-f68c-4938-b766-bc6ca37e9b2c,788,687,completed,2026-01-12T15:01:57.404285,2026-01-12T15:01:57.404285
694efd18-b1bc-4078-9e8b-198c4cc17f4b,c5551109-96a1-49f2-849a-d592fc73973d,9,2,79d19535-8d40-4d01-983e-6554fdeaf6b9,9b954300-a1ce-45cc-8fd4-09d6f75e2cab,887,753,completed,2026-01-12T15:01:57.404285,2026-01-12T15:01:57.404285
28f50b27-400e-47fe-8e6c-97c8855eb7e1,c5551109-96a1-49f2-849a-d592fc73973d,9,3,4d1d2588-3907-4ffb-ba31-1864fc19c260,db1044ca-b4b9-4e78-ab4d-f09d6cc9de5a,733,776,completed,2026-01-12T15:01:57.404285,2026-01-12T15:01:57.404285
aa010d43-fece-4740-ae2c-e587984f5256,c5551109-96a1-49f2-849a-d592fc73973d,9,4,6c357e0b-6fca-47c6-afec-972299308aff,c33bac9e-88f5-43ff-87fb-edf2dc3210e5,757,723,completed,2026-01-12T15:01:57.404285,2026-01-12T15:01:57.404285
